ccn1.xml,tadSyncid0id3.xml,7743,
ccn1.xml,cxs2.xml,7977,
ccn1.xml,tadSyncid0id2.xml,8071,
ccn1.xml,smiTemplateid4.xml,8291,
ccn1.xml,tadSyncid1id5.xml,8511,
ccn1.xml,smiTemplateid1.xml,8587,
ccn1.xml,smiTemplateid2.xml,8652,
ccn1.xml,cxs1.xml,8728,
ccn1.xml,tadSyncid1id4.xml,8841,
ccn1.xml,ccn2.xml,8871,
ccn1.xml,tadSyncid0id5.xml,8900,
ccn1.xml,tadSyncid1id2.xml,8935,
ccn1.xml,tadSyncid2id0.xml,9578,
ccn1.xml,tadSyncid0id4.xml,9957,
ccn1.xml,tadSyncid2id3.xml,2548,
ccn1.xml,tadSyncid1id0.xml,11625,
ccn1.xml,tadSyncid4id3.xml,3113,
ccn1.xml,tadSyncid0id0.xml,14009,
ccn1.xml,tadSyncid3id0.xml,5701,
ccn1.xml,tadSyncid3id2.xml,5796,
ccn1.xml,tadSyncid2id1.xml,6122,
ccn1.xml,tadSyncid2id4.xml,6141,
ccn1.xml,tadSyncid3id1.xml,6120,
ccn1.xml,tadSyncid3id3.xml,6219,
ccn1.xml,tadSyncid3id4.xml,6141,
ccn1.xml,tadSyncid4id1.xml,6690,
ccn1.xml,tadSyncid5id3.xml,3530,
ccn1.xml,tmi1.xml,5523,
ccn1.xml,tmi10.xml,3342,
ccn1.xml,tmi11.xml,3405,
ccn1.xml,tadSyncid4id4.xml,9640,
ccn2.xml,cxs2.xml,3184,
ccn1.xml,tadSyncid5id5.xml,7500,
ccn1.xml,tadSyncid5id1.xml,10942,
ccn1.xml,tmi9.xml,5334,
ccn1.xml,tmi13.xml,5481,
ccn1.xml,tadSyncid5id2.xml,10661,
ccn1.xml,tmi6.xml,5439,
ccn1.xml,tadSyncid5id0.xml,11664,
ccn1.xml,tmi4.xml,5534,
ccn1.xml,tmi2.xml,5617,
ccn1.xml,tmi12.xml,5774,
ccn2.xml,cxs1.xml,5604,
ccn2.xml,smiTemplateid1.xml,5110,
ccn2.xml,smiTemplateid2.xml,5173,
ccn2.xml,smiTemplateid4.xml,5141,
ccn2.xml,tadSyncid0id2.xml,4184,
ccn2.xml,tadSyncid0id4.xml,3997,
ccn2.xml,tadSyncid1id2.xml,3965,
ccn2.xml,tadSyncid2id4.xml,3915,
ccn2.xml,tadSyncid0id3.xml,6380,
ccn2.xml,tadSyncid2id3.xml,5453,
ccn2.xml,tadSyncid0id5.xml,6059,
ccn2.xml,tadSyncid0id0.xml,7763,
ccn2.xml,tadSyncid1id5.xml,6205,
ccn2.xml,tadSyncid2id1.xml,6221,
ccn2.xml,tadSyncid1id4.xml,6628,
ccn2.xml,tadSyncid2id0.xml,7036,
ccn2.xml,tadSyncid3id0.xml,4357,
ccn2.xml,tadSyncid1id0.xml,8919,
ccn2.xml,tadSyncid3id4.xml,5237,
ccn2.xml,tadSyncid3id2.xml,6570,
ccn2.xml,tadSyncid3id1.xml,6805,
ccn2.xml,tadSyncid4id3.xml,5036,
ccn2.xml,tadSyncid3id3.xml,8325,
ccn2.xml,tmi11.xml,5012,
ccn2.xml,tmi13.xml,3766,
ccn2.xml,tmi12.xml,4419,
ccn2.xml,tadSyncid5id3.xml,7055,
ccn2.xml,tadSyncid5id5.xml,7797,
ccn2.xml,tmi1.xml,7405,
ccn2.xml,tmi4.xml,3498,
ccn2.xml,tmi10.xml,7500,
ccn2.xml,tadSyncid5id0.xml,8613,
ccn2.xml,tadSyncid5id2.xml,8801,
ccn2.xml,tmi2.xml,5694,
ccn2.xml,tadSyncid4id1.xml,12626,
cxs1.xml,smiTemplateid4.xml,3294,
ccn2.xml,tmi6.xml,5429,
ccn2.xml,tmi9.xml,4678,
cxs1.xml,cxs2.xml,4548,
cxs1.xml,smiTemplateid1.xml,4879,
ccn2.xml,tadSyncid4id4.xml,12081,
cxs1.xml,tadSyncid0id2.xml,4111,
cxs1.xml,tadSyncid0id3.xml,4102,
cxs1.xml,smiTemplateid2.xml,5161,
ccn2.xml,tadSyncid5id1.xml,12394,
cxs1.xml,tadSyncid0id4.xml,4440,
cxs1.xml,tadSyncid0id5.xml,5177,
cxs1.xml,tadSyncid1id2.xml,5020,
cxs1.xml,tadSyncid2id1.xml,4873,
cxs1.xml,tadSyncid3id3.xml,4361,
cxs1.xml,tadSyncid3id2.xml,5208,
cxs1.xml,tadSyncid1id0.xml,9098,
cxs1.xml,tadSyncid1id5.xml,6897,
cxs1.xml,tadSyncid1id4.xml,7769,
cxs1.xml,tadSyncid2id3.xml,7626,
cxs1.xml,tadSyncid2id0.xml,7767,
cxs1.xml,tadSyncid0id0.xml,11281,
cxs1.xml,tadSyncid3id4.xml,6743,
cxs1.xml,tadSyncid3id0.xml,6964,
cxs1.xml,tadSyncid3id1.xml,7184,
cxs1.xml,tadSyncid2id4.xml,7966,
cxs1.xml,tadSyncid4id3.xml,7762,
cxs1.xml,tadSyncid5id3.xml,4421,
cxs1.xml,tmi13.xml,4768,
cxs1.xml,tmi2.xml,4909,
cxs1.xml,tmi1.xml,5847,
cxs1.xml,tmi4.xml,4847,
cxs1.xml,tmi6.xml,4597,
cxs1.xml,tmi10.xml,5930,
cxs1.xml,tmi12.xml,6259,
cxs1.xml,tmi11.xml,6416,
cxs1.xml,tmi9.xml,4174,
cxs1.xml,tadSyncid4id1.xml,14148,
cxs1.xml,tadSyncid4id4.xml,12124,
cxs2.xml,smiTemplateid4.xml,3233,
cxs2.xml,tadSyncid0id2.xml,2949,
cxs2.xml,smiTemplateid1.xml,4911,
cxs2.xml,smiTemplateid2.xml,4001,
cxs2.xml,tadSyncid0id3.xml,3891,
cxs1.xml,tadSyncid5id2.xml,11575,
cxs1.xml,tadSyncid5id5.xml,10680,
cxs1.xml,tadSyncid5id0.xml,12646,
cxs2.xml,tadSyncid0id5.xml,3649,
cxs2.xml,tadSyncid0id4.xml,4177,
cxs1.xml,tadSyncid5id1.xml,13933,
cxs2.xml,tadSyncid2id3.xml,4632,
cxs2.xml,tadSyncid1id2.xml,5589,
cxs2.xml,tadSyncid1id0.xml,6813,
cxs2.xml,tadSyncid2id1.xml,4695,
cxs2.xml,tadSyncid1id5.xml,4710,
cxs2.xml,tadSyncid1id4.xml,4962,
cxs2.xml,tadSyncid2id0.xml,4961,
cxs2.xml,tadSyncid2id4.xml,5307,
cxs2.xml,tadSyncid3id1.xml,5295,
cxs2.xml,tadSyncid3id0.xml,5358,
cxs2.xml,tadSyncid3id2.xml,5597,
cxs2.xml,tadSyncid3id3.xml,5535,
cxs2.xml,tadSyncid3id4.xml,5645,
cxs2.xml,tadSyncid0id0.xml,11940,
cxs2.xml,tadSyncid4id3.xml,6822,
cxs2.xml,tadSyncid5id5.xml,5252,
cxs2.xml,tmi10.xml,5063,
cxs2.xml,tmi2.xml,3954,
cxs2.xml,tmi1.xml,5814,
cxs2.xml,tadSyncid5id3.xml,6125,
cxs2.xml,tmi12.xml,4890,
cxs2.xml,tmi11.xml,5286,
cxs2.xml,tmi4.xml,4891,
cxs2.xml,tadSyncid5id0.xml,7737,
cxs2.xml,tmi13.xml,5650,
cxs2.xml,tadSyncid5id2.xml,8276,
cxs2.xml,tadSyncid4id4.xml,8558,
cxs2.xml,tmi6.xml,4797,
cxs2.xml,tadSyncid4id1.xml,11992,
smiTemplateid1.xml,smiTemplateid2.xml,3243,
smiTemplateid1.xml,tadSyncid0id3.xml,2663,
smiTemplateid1.xml,smiTemplateid4.xml,2993,
cxs2.xml,tmi9.xml,5032,
smiTemplateid1.xml,tadSyncid0id2.xml,3996,
smiTemplateid1.xml,tadSyncid1id2.xml,3892,
smiTemplateid1.xml,tadSyncid0id5.xml,4755,
smiTemplateid1.xml,tadSyncid2id1.xml,3171,
cxs2.xml,tadSyncid5id1.xml,12304,
smiTemplateid1.xml,tadSyncid0id4.xml,5414,
smiTemplateid1.xml,tadSyncid2id3.xml,4531,
smiTemplateid1.xml,tadSyncid1id4.xml,5519,
smiTemplateid1.xml,tadSyncid3id0.xml,5347,
smiTemplateid1.xml,tadSyncid1id5.xml,6319,
smiTemplateid1.xml,tadSyncid2id0.xml,6539,
smiTemplateid1.xml,tadSyncid3id1.xml,6068,
smiTemplateid1.xml,tadSyncid2id4.xml,6257,
smiTemplateid1.xml,tadSyncid0id0.xml,9156,
smiTemplateid1.xml,tadSyncid1id0.xml,8218,
smiTemplateid1.xml,tadSyncid3id2.xml,5598,
smiTemplateid1.xml,tadSyncid3id3.xml,5614,
smiTemplateid1.xml,tadSyncid3id4.xml,5494,
smiTemplateid1.xml,tadSyncid4id3.xml,5641,
smiTemplateid1.xml,tmi2.xml,3006,
smiTemplateid1.xml,tadSyncid5id3.xml,4861,
smiTemplateid1.xml,tadSyncid4id1.xml,8763,
smiTemplateid1.xml,tmi12.xml,4980,
smiTemplateid1.xml,tmi1.xml,5781,
smiTemplateid1.xml,tmi9.xml,3091,
smiTemplateid1.xml,tmi10.xml,5719,
smiTemplateid1.xml,tmi13.xml,5182,
smiTemplateid1.xml,tadSyncid4id4.xml,9097,
smiTemplateid1.xml,tmi4.xml,4993,1,smiTemplateid1.xml<->tmi4.xml,
smiTemplateid1.xml,tmi11.xml,5910,
smiTemplateid1.xml,tadSyncid5id0.xml,9299,
smiTemplateid1.xml,tmi6.xml,4842,
smiTemplateid1.xml,tadSyncid5id5.xml,7202,
smiTemplateid2.xml,smiTemplateid4.xml,3758,
smiTemplateid2.xml,tadSyncid0id2.xml,3523,
smiTemplateid1.xml,tadSyncid5id1.xml,11173,
smiTemplateid1.xml,tadSyncid5id2.xml,11219,
smiTemplateid2.xml,tadSyncid0id3.xml,4371,
smiTemplateid2.xml,tadSyncid0id5.xml,4904,
smiTemplateid2.xml,tadSyncid0id4.xml,4951,
smiTemplateid2.xml,tadSyncid1id5.xml,5141,
smiTemplateid2.xml,tadSyncid2id4.xml,4367,
smiTemplateid2.xml,tadSyncid1id2.xml,5628,
smiTemplateid2.xml,tadSyncid3id0.xml,3849,
smiTemplateid2.xml,tadSyncid1id4.xml,5627,
smiTemplateid2.xml,tadSyncid2id1.xml,5377,
smiTemplateid2.xml,tadSyncid2id3.xml,5606,
smiTemplateid2.xml,tadSyncid1id0.xml,6666,
smiTemplateid2.xml,tadSyncid3id3.xml,3567,
smiTemplateid2.xml,tadSyncid2id0.xml,7196,
smiTemplateid2.xml,tadSyncid4id3.xml,3881,
smiTemplateid2.xml,tadSyncid0id0.xml,10510,
smiTemplateid2.xml,tadSyncid3id1.xml,6281,
smiTemplateid2.xml,tadSyncid5id3.xml,4064,
smiTemplateid2.xml,tadSyncid3id2.xml,6560,
smiTemplateid2.xml,tadSyncid3id4.xml,6042,
smiTemplateid2.xml,tadSyncid5id5.xml,5143,
smiTemplateid2.xml,tmi2.xml,2712,
smiTemplateid2.xml,tmi10.xml,5190,
smiTemplateid2.xml,tmi1.xml,5504,
smiTemplateid2.xml,tadSyncid5id2.xml,7011,
smiTemplateid2.xml,tmi11.xml,5615,
smiTemplateid2.xml,tmi12.xml,5191,
smiTemplateid2.xml,tmi13.xml,4454,
smiTemplateid2.xml,tmi4.xml,3700,
smiTemplateid4.xml,tadSyncid0id3.xml,2370,
smiTemplateid2.xml,tmi6.xml,4362,
smiTemplateid2.xml,tadSyncid4id4.xml,9191,
smiTemplateid2.xml,tmi9.xml,4237,
smiTemplateid2.xml,tadSyncid4id1.xml,10007,
smiTemplateid4.xml,tadSyncid0id2.xml,4043,
smiTemplateid2.xml,tadSyncid5id0.xml,9987,
smiTemplateid4.xml,tadSyncid1id5.xml,2339,
smiTemplateid4.xml,tadSyncid0id5.xml,4263,
smiTemplateid4.xml,tadSyncid0id4.xml,4750,
smiTemplateid2.xml,tadSyncid5id1.xml,11165,
smiTemplateid4.xml,tadSyncid1id4.xml,3918,
smiTemplateid4.xml,tadSyncid1id2.xml,4860,
smiTemplateid4.xml,tadSyncid2id3.xml,4217,
smiTemplateid4.xml,tadSyncid0id0.xml,8704,
smiTemplateid4.xml,tadSyncid2id1.xml,5047,
smiTemplateid4.xml,tadSyncid3id0.xml,4655,
smiTemplateid4.xml,tadSyncid2id0.xml,5990,
smiTemplateid4.xml,tadSyncid3id1.xml,4615,
smiTemplateid4.xml,tadSyncid2id4.xml,5017,
smiTemplateid4.xml,tadSyncid3id2.xml,4725,
smiTemplateid4.xml,tadSyncid3id3.xml,4683,
smiTemplateid4.xml,tadSyncid3id4.xml,4621,
smiTemplateid4.xml,tadSyncid1id0.xml,7617,
smiTemplateid4.xml,tmi11.xml,2333,
smiTemplateid4.xml,tadSyncid4id3.xml,5487,
smiTemplateid4.xml,tmi1.xml,4671,
smiTemplateid4.xml,tmi13.xml,4225,2,smiTemplateid1.xml<->tmi4.xml  smiTemplateid4.xml<->tmi13.xml,
smiTemplateid4.xml,tadSyncid5id3.xml,4922,
smiTemplateid4.xml,tmi12.xml,4608,
smiTemplateid4.xml,tmi10.xml,4938,
smiTemplateid4.xml,tmi2.xml,4383,
smiTemplateid4.xml,tmi6.xml,4448,
smiTemplateid4.xml,tmi4.xml,4667,
smiTemplateid4.xml,tadSyncid4id1.xml,9077,
smiTemplateid4.xml,tadSyncid4id4.xml,8708,
smiTemplateid4.xml,tmi9.xml,4376,
smiTemplateid4.xml,tadSyncid5id1.xml,9390,
smiTemplateid4.xml,tadSyncid5id0.xml,10551,
smiTemplateid4.xml,tadSyncid5id5.xml,8417,
smiTemplateid4.xml,tadSyncid5id2.xml,9594,
tadSyncid0id0.xml,tadSyncid0id2.xml,8275,
tadSyncid0id0.xml,tadSyncid0id3.xml,7617,
tadSyncid0id0.xml,tadSyncid0id5.xml,7899,
tadSyncid0id0.xml,tadSyncid1id2.xml,7664,
tadSyncid0id0.xml,tadSyncid0id4.xml,8197,
tadSyncid0id0.xml,tadSyncid2id1.xml,7228,
tadSyncid0id0.xml,tadSyncid1id5.xml,7969,
tadSyncid0id0.xml,tadSyncid1id4.xml,8573,
tadSyncid0id0.xml,tadSyncid3id2.xml,6305,
tadSyncid0id0.xml,tadSyncid2id0.xml,9973,
tadSyncid0id0.xml,tadSyncid1id0.xml,11126,
tadSyncid0id0.xml,tadSyncid2id3.xml,9812,
tadSyncid0id0.xml,tadSyncid3id0.xml,8417,
tadSyncid0id0.xml,tadSyncid2id4.xml,9782,
tadSyncid0id0.xml,tadSyncid3id1.xml,8872,
tadSyncid0id0.xml,tadSyncid3id3.xml,9277,
tadSyncid0id0.xml,tadSyncid3id4.xml,8562,
tadSyncid0id0.xml,tadSyncid5id3.xml,6894,
tadSyncid0id0.xml,tadSyncid4id3.xml,8150,
tadSyncid0id0.xml,tmi1.xml,6715,
tadSyncid0id0.xml,tadSyncid4id4.xml,10347,
tadSyncid0id0.xml,tmi10.xml,7103,
tadSyncid0id2.xml,tadSyncid0id3.xml,2305,
tadSyncid0id0.xml,tmi13.xml,6523,
tadSyncid0id0.xml,tadSyncid5id0.xml,11759,
tadSyncid0id0.xml,tmi11.xml,8536,
tadSyncid0id0.xml,tmi4.xml,5464,
tadSyncid0id0.xml,tmi12.xml,9297,
tadSyncid0id2.xml,tadSyncid0id5.xml,3009,
tadSyncid0id2.xml,tadSyncid1id2.xml,3026,
tadSyncid0id2.xml,tadSyncid0id4.xml,4108,
tadSyncid0id2.xml,tadSyncid1id4.xml,2962,
tadSyncid0id0.xml,tadSyncid4id1.xml,14188,
tadSyncid0id0.xml,tadSyncid5id2.xml,13043,
tadSyncid0id0.xml,tmi2.xml,8152,
tadSyncid0id0.xml,tadSyncid5id5.xml,12744,
tadSyncid0id0.xml,tmi6.xml,7582,
tadSyncid0id2.xml,tadSyncid2id3.xml,2401,
tadSyncid0id2.xml,tadSyncid1id0.xml,5787,
tadSyncid0id2.xml,tadSyncid1id5.xml,2855,
tadSyncid0id2.xml,tadSyncid3id1.xml,3437,
tadSyncid0id0.xml,tmi9.xml,9854,
tadSyncid0id2.xml,tadSyncid3id3.xml,3754,
tadSyncid0id0.xml,tadSyncid5id1.xml,17032,
tadSyncid0id2.xml,tadSyncid3id2.xml,4492,
tadSyncid0id2.xml,tadSyncid3id4.xml,4742,
tadSyncid0id2.xml,tadSyncid2id1.xml,6468,
tadSyncid0id2.xml,tadSyncid2id4.xml,7174,
tadSyncid0id2.xml,tadSyncid3id0.xml,7128,
tadSyncid0id2.xml,tadSyncid5id3.xml,3817,
tadSyncid0id2.xml,tadSyncid4id1.xml,6829,
tadSyncid0id2.xml,tmi1.xml,3138,
tadSyncid0id2.xml,tadSyncid2id0.xml,8398,
tadSyncid0id2.xml,tmi11.xml,3248,
tadSyncid0id2.xml,tmi12.xml,3359,
tadSyncid0id2.xml,tadSyncid5id5.xml,5629,
tadSyncid0id2.xml,tadSyncid4id4.xml,8630,
tadSyncid0id2.xml,tmi6.xml,2697,
tadSyncid0id2.xml,tmi10.xml,6149,
tadSyncid0id2.xml,tadSyncid4id3.xml,9542,
tadSyncid0id2.xml,tmi13.xml,3638,
tadSyncid0id2.xml,tadSyncid5id1.xml,9274,
tadSyncid0id2.xml,tmi4.xml,5004,
tadSyncid0id3.xml,tadSyncid0id5.xml,4344,
tadSyncid0id3.xml,tadSyncid0id4.xml,5051,
tadSyncid0id2.xml,tmi2.xml,5976,
tadSyncid0id2.xml,tmi9.xml,6086,
tadSyncid0id3.xml,tadSyncid1id2.xml,5311,
tadSyncid0id3.xml,tadSyncid1id4.xml,4627,
tadSyncid0id3.xml,tadSyncid1id5.xml,4627,
tadSyncid0id3.xml,tadSyncid2id1.xml,4783,
tadSyncid0id3.xml,tadSyncid1id0.xml,7604,
tadSyncid0id3.xml,tadSyncid3id0.xml,3879,
tadSyncid0id3.xml,tadSyncid2id0.xml,5861,
tadSyncid0id3.xml,tadSyncid2id4.xml,5211,
tadSyncid0id2.xml,tadSyncid5id0.xml,14665,
tadSyncid0id3.xml,tadSyncid3id2.xml,3984,
tadSyncid0id3.xml,tadSyncid2id3.xml,6791,
tadSyncid0id3.xml,tadSyncid3id1.xml,4298,
tadSyncid0id3.xml,tadSyncid4id3.xml,4076,
tadSyncid0id3.xml,tadSyncid3id4.xml,4994,
tadSyncid0id3.xml,tadSyncid5id3.xml,4355,
tadSyncid0id3.xml,tadSyncid3id3.xml,7182,
tadSyncid0id2.xml,tadSyncid5id2.xml,18392,
tadSyncid0id3.xml,tmi1.xml,3304,
tadSyncid0id3.xml,tmi11.xml,4151,
tadSyncid0id3.xml,tmi10.xml,4841,
tadSyncid0id3.xml,tadSyncid4id4.xml,9152,
tadSyncid0id3.xml,tmi2.xml,3478,
tadSyncid0id3.xml,tmi4.xml,4153,
tadSyncid0id4.xml,tadSyncid0id5.xml,3008,
tadSyncid0id3.xml,tadSyncid5id0.xml,8729,
tadSyncid0id3.xml,tmi13.xml,5346,
tadSyncid0id3.xml,tadSyncid5id5.xml,7616,
tadSyncid0id4.xml,tadSyncid1id2.xml,3651,
tadSyncid0id3.xml,tmi9.xml,5002,
tadSyncid0id3.xml,tmi6.xml,5489,
tadSyncid0id3.xml,tmi12.xml,8814,
tadSyncid0id4.xml,tadSyncid1id4.xml,4061,
tadSyncid0id3.xml,tadSyncid4id1.xml,12741,
tadSyncid0id3.xml,tadSyncid5id2.xml,11145,
tadSyncid0id4.xml,tadSyncid1id5.xml,3625,
tadSyncid0id3.xml,tadSyncid5id1.xml,11899,
tadSyncid0id4.xml,tadSyncid2id3.xml,3594,
tadSyncid0id4.xml,tadSyncid2id1.xml,4497,
tadSyncid0id4.xml,tadSyncid1id0.xml,7820,
tadSyncid0id4.xml,tadSyncid3id3.xml,3745,
tadSyncid0id4.xml,tadSyncid3id1.xml,4718,
tadSyncid0id4.xml,tadSyncid2id0.xml,6585,
tadSyncid0id4.xml,tadSyncid3id2.xml,5753,
tadSyncid0id4.xml,tadSyncid3id0.xml,6052,
tadSyncid0id4.xml,tadSyncid2id4.xml,7857,
tadSyncid0id4.xml,tadSyncid3id4.xml,6224,
tadSyncid0id4.xml,tadSyncid4id3.xml,7188,
tadSyncid0id4.xml,tadSyncid5id3.xml,5853,
tadSyncid0id4.xml,tadSyncid4id1.xml,7738,
tadSyncid0id4.xml,tmi1.xml,5342,
tadSyncid0id4.xml,tmi10.xml,5923,
tadSyncid0id4.xml,tmi12.xml,5348,
tadSyncid0id4.xml,tmi11.xml,5797,
tadSyncid0id4.xml,tmi13.xml,4715,
tadSyncid0id4.xml,tmi2.xml,4839,
tadSyncid0id4.xml,tadSyncid5id5.xml,8203,
tadSyncid0id4.xml,tmi4.xml,4698,
tadSyncid0id4.xml,tadSyncid4id4.xml,10437,
tadSyncid0id4.xml,tmi6.xml,4087,
tadSyncid0id4.xml,tadSyncid5id0.xml,10218,
tadSyncid0id4.xml,tadSyncid5id2.xml,10547,
tadSyncid0id5.xml,tadSyncid1id4.xml,3992,
tadSyncid0id4.xml,tmi9.xml,4494,
tadSyncid0id4.xml,tadSyncid5id1.xml,11226,
tadSyncid0id5.xml,tadSyncid1id2.xml,4755,
tadSyncid0id5.xml,tadSyncid3id0.xml,3280,
tadSyncid0id5.xml,tadSyncid1id0.xml,6214,
tadSyncid0id5.xml,tadSyncid2id1.xml,4661,
tadSyncid0id5.xml,tadSyncid3id3.xml,3656,
tadSyncid0id5.xml,tadSyncid3id4.xml,4206,
tadSyncid0id5.xml,tadSyncid3id1.xml,4598,
tadSyncid0id5.xml,tadSyncid2id3.xml,5571,
tadSyncid0id5.xml,tadSyncid1id5.xml,6073,
tadSyncid0id5.xml,tadSyncid2id4.xml,6246,
tadSyncid0id5.xml,tadSyncid3id2.xml,5900,
tadSyncid0id5.xml,tadSyncid2id0.xml,8129,
tadSyncid0id5.xml,tmi13.xml,2874,
tadSyncid0id5.xml,tadSyncid4id3.xml,6995,
tadSyncid0id5.xml,tmi1.xml,4176,
tadSyncid0id5.xml,tadSyncid5id0.xml,7393,
tadSyncid0id5.xml,tadSyncid5id3.xml,5886,
tadSyncid0id5.xml,tadSyncid4id1.xml,8611,
tadSyncid0id5.xml,tmi11.xml,5526,
tadSyncid0id5.xml,tmi10.xml,5698,
tadSyncid0id5.xml,tadSyncid5id5.xml,6545,
tadSyncid0id5.xml,tadSyncid4id4.xml,9348,
tadSyncid0id5.xml,tmi12.xml,5699,
tadSyncid0id5.xml,tmi2.xml,5290,
tadSyncid0id5.xml,tmi4.xml,5545,
tadSyncid0id5.xml,tmi6.xml,4932,
tadSyncid0id5.xml,tmi9.xml,4724,
tadSyncid0id5.xml,tadSyncid5id2.xml,9624,
tadSyncid0id5.xml,tadSyncid5id1.xml,12405,
tadSyncid1id0.xml,tadSyncid2id3.xml,4892,
tadSyncid1id0.xml,tadSyncid1id4.xml,7703,
tadSyncid1id0.xml,tadSyncid1id2.xml,8190,
tadSyncid1id0.xml,tadSyncid1id5.xml,8111,
tadSyncid1id0.xml,tadSyncid2id1.xml,7688,
tadSyncid1id0.xml,tadSyncid3id0.xml,7282,
tadSyncid1id0.xml,tadSyncid2id4.xml,7483,
tadSyncid1id0.xml,tadSyncid2id0.xml,8692,
tadSyncid1id0.xml,tadSyncid3id2.xml,7593,
tadSyncid1id0.xml,tadSyncid3id3.xml,7783,
tadSyncid1id0.xml,tadSyncid3id4.xml,7845,
tadSyncid1id0.xml,tadSyncid3id1.xml,9259,
tadSyncid1id0.xml,tadSyncid4id3.xml,8218,
tadSyncid1id0.xml,tmi13.xml,4978,
tadSyncid1id0.xml,tadSyncid5id3.xml,7073,
tadSyncid1id0.xml,tmi1.xml,6432,
tadSyncid1id0.xml,tadSyncid4id1.xml,12105,
tadSyncid1id0.xml,tmi10.xml,6979,
tadSyncid1id0.xml,tadSyncid4id4.xml,11724,
tadSyncid1id0.xml,tmi11.xml,6947,
tadSyncid1id0.xml,tmi12.xml,6681,
tadSyncid1id0.xml,tmi2.xml,6383,
tadSyncid1id0.xml,tmi4.xml,5911,
tadSyncid1id0.xml,tmi9.xml,4779,
tadSyncid1id0.xml,tadSyncid5id0.xml,11335,
tadSyncid1id0.xml,tadSyncid5id5.xml,8920,
tadSyncid1id0.xml,tmi6.xml,6214,
tadSyncid1id2.xml,tadSyncid1id4.xml,2626,
tadSyncid1id0.xml,tadSyncid5id1.xml,10932,
tadSyncid1id0.xml,tadSyncid5id2.xml,11363,
tadSyncid1id2.xml,tadSyncid1id5.xml,4137,
tadSyncid1id2.xml,tadSyncid2id3.xml,4133,
tadSyncid1id2.xml,tadSyncid2id1.xml,4933,
tadSyncid1id2.xml,tadSyncid2id0.xml,5656,
tadSyncid1id2.xml,tadSyncid3id2.xml,4981,
tadSyncid1id2.xml,tadSyncid2id4.xml,5797,
tadSyncid1id2.xml,tadSyncid3id4.xml,4777,
tadSyncid1id2.xml,tadSyncid3id0.xml,6143,
tadSyncid1id2.xml,tadSyncid3id3.xml,5440,
tadSyncid1id2.xml,tadSyncid4id3.xml,5440,
tadSyncid1id2.xml,tadSyncid3id1.xml,6671,
tadSyncid1id2.xml,tmi4.xml,2276,
tadSyncid1id2.xml,tadSyncid5id3.xml,5662,
tadSyncid1id2.xml,tadSyncid4id4.xml,8091,
tadSyncid1id2.xml,tadSyncid5id0.xml,8250,
tadSyncid1id2.xml,tmi1.xml,5268,
tadSyncid1id2.xml,tmi10.xml,5095,
tadSyncid1id2.xml,tmi2.xml,3884,
tadSyncid1id2.xml,tmi11.xml,4168,
tadSyncid1id2.xml,tmi13.xml,4231,
tadSyncid1id2.xml,tadSyncid5id1.xml,9082,
tadSyncid1id2.xml,tmi12.xml,4750,
tadSyncid1id2.xml,tmi6.xml,4504,
tadSyncid1id2.xml,tadSyncid4id1.xml,10474,
tadSyncid1id4.xml,tadSyncid2id3.xml,2677,
tadSyncid1id2.xml,tmi9.xml,5345,
tadSyncid1id2.xml,tadSyncid5id5.xml,8769,
tadSyncid1id4.xml,tadSyncid1id5.xml,4468,
tadSyncid1id2.xml,tadSyncid5id2.xml,10223,
tadSyncid1id4.xml,tadSyncid3id1.xml,3707,
tadSyncid1id4.xml,tadSyncid2id4.xml,5489,
tadSyncid1id4.xml,tadSyncid3id3.xml,5291,
tadSyncid1id4.xml,tadSyncid2id1.xml,6069,
tadSyncid1id4.xml,tadSyncid3id2.xml,5754,
tadSyncid1id4.xml,tadSyncid3id0.xml,5988,
tadSyncid1id4.xml,tadSyncid2id0.xml,7011,
tadSyncid1id4.xml,tadSyncid3id4.xml,6736,
tadSyncid1id4.xml,tadSyncid4id3.xml,6420,
tadSyncid1id4.xml,tmi10.xml,3565,
tadSyncid1id4.xml,tadSyncid5id3.xml,7684,
tadSyncid1id4.xml,tmi9.xml,3433,
tadSyncid1id4.xml,tmi11.xml,5655,
tadSyncid1id4.xml,tmi1.xml,7429,
tadSyncid1id4.xml,tmi2.xml,5458,
tadSyncid1id4.xml,tadSyncid4id1.xml,10924,
tadSyncid1id4.xml,tmi12.xml,6047,
tadSyncid1id4.xml,tmi4.xml,5819,
tadSyncid1id4.xml,tadSyncid5id2.xml,9580,
tadSyncid1id4.xml,tadSyncid5id5.xml,9297,
tadSyncid1id4.xml,tmi13.xml,6534,
tadSyncid1id4.xml,tmi6.xml,5113,
tadSyncid1id4.xml,tadSyncid4id4.xml,11197,
tadSyncid1id4.xml,tadSyncid5id0.xml,10945,
tadSyncid1id5.xml,tadSyncid3id0.xml,3829,
tadSyncid1id4.xml,tadSyncid5id1.xml,13079,
tadSyncid1id5.xml,tadSyncid2id3.xml,4944,
tadSyncid1id5.xml,tadSyncid2id1.xml,5279,
tadSyncid1id5.xml,tadSyncid3id3.xml,4666,
tadSyncid1id5.xml,tadSyncid2id0.xml,7880,
tadSyncid1id5.xml,tadSyncid3id4.xml,5876,
tadSyncid1id5.xml,tadSyncid2id4.xml,6519,
tadSyncid1id5.xml,tadSyncid3id1.xml,6362,
tadSyncid1id5.xml,tadSyncid3id2.xml,6504,
tadSyncid1id5.xml,tadSyncid4id3.xml,6080,
tadSyncid1id5.xml,tadSyncid5id3.xml,4227,
tadSyncid1id5.xml,tadSyncid4id4.xml,7726,
tadSyncid1id5.xml,tmi11.xml,3922,
tadSyncid1id5.xml,tadSyncid5id0.xml,7742,
tadSyncid1id5.xml,tmi10.xml,4235,
tadSyncid1id5.xml,tadSyncid4id1.xml,8448,
tadSyncid1id5.xml,tmi2.xml,3014,
tadSyncid1id5.xml,tmi1.xml,4907,
tadSyncid1id5.xml,tadSyncid5id2.xml,7964,
tadSyncid1id5.xml,tmi12.xml,4519,
tadSyncid1id5.xml,tmi9.xml,3516,
tadSyncid1id5.xml,tmi4.xml,4348,
tadSyncid1id5.xml,tmi13.xml,4645,
tadSyncid1id5.xml,tmi6.xml,5162,
tadSyncid1id5.xml,tadSyncid5id1.xml,10678,
tadSyncid1id5.xml,tadSyncid5id5.xml,8237,
tadSyncid2id0.xml,tadSyncid3id1.xml,4870,
tadSyncid2id0.xml,tadSyncid4id3.xml,4392,
tadSyncid2id0.xml,tadSyncid2id3.xml,6618,
tadSyncid2id0.xml,tadSyncid3id0.xml,6905,
tadSyncid2id0.xml,tadSyncid3id2.xml,6597,
tadSyncid2id0.xml,tadSyncid2id4.xml,7438,
tadSyncid2id0.xml,tadSyncid2id1.xml,8050,
tadSyncid2id0.xml,tadSyncid3id4.xml,7239,
tadSyncid2id0.xml,tadSyncid3id3.xml,7609,
tadSyncid2id0.xml,tadSyncid5id3.xml,7186,
tadSyncid2id0.xml,tadSyncid5id5.xml,6736,
tadSyncid2id0.xml,tmi6.xml,3379,
tadSyncid2id0.xml,tadSyncid4id1.xml,10330,
tadSyncid2id0.xml,tmi1.xml,5969,
tadSyncid2id0.xml,tmi11.xml,5828,
tadSyncid2id0.xml,tmi10.xml,6395,
tadSyncid2id0.xml,tmi12.xml,5634,
tadSyncid2id0.xml,tadSyncid4id4.xml,11049,
tadSyncid2id0.xml,tadSyncid5id0.xml,10942,
tadSyncid2id0.xml,tadSyncid5id1.xml,10943,
tadSyncid2id0.xml,tmi13.xml,5844,
tadSyncid2id0.xml,tmi2.xml,5828,
tadSyncid2id0.xml,tmi4.xml,5592,
tadSyncid2id0.xml,tadSyncid5id2.xml,10811,
tadSyncid2id0.xml,tmi9.xml,6221,
tadSyncid2id1.xml,tadSyncid2id3.xml,4348,
tadSyncid2id1.xml,tadSyncid2id4.xml,5086,
tadSyncid2id1.xml,tadSyncid3id1.xml,4632,
tadSyncid2id1.xml,tadSyncid3id4.xml,4506,
tadSyncid2id1.xml,tadSyncid3id0.xml,5934,
tadSyncid2id1.xml,tadSyncid5id3.xml,4400,
tadSyncid2id1.xml,tadSyncid3id2.xml,6248,
tadSyncid2id1.xml,tadSyncid3id3.xml,6160,
tadSyncid2id1.xml,tadSyncid4id3.xml,6734,
tadSyncid2id1.xml,tmi1.xml,5653,
tadSyncid2id1.xml,tadSyncid4id4.xml,7286,
tadSyncid2id1.xml,tmi6.xml,2513,
tadSyncid2id1.xml,tmi10.xml,5843,
tadSyncid2id1.xml,tmi11.xml,5857,
tadSyncid2id1.xml,tmi12.xml,5575,
tadSyncid2id1.xml,tadSyncid5id5.xml,8385,
tadSyncid2id1.xml,tmi13.xml,5370,
tadSyncid2id1.xml,tadSyncid5id1.xml,9343,
tadSyncid2id1.xml,tadSyncid5id2.xml,9452,
tadSyncid2id1.xml,tmi4.xml,4931,
tadSyncid2id1.xml,tmi2.xml,5480,
tadSyncid2id1.xml,tadSyncid4id1.xml,10662,
tadSyncid2id3.xml,tadSyncid3id0.xml,3328,
tadSyncid2id1.xml,tmi9.xml,4034,
tadSyncid2id1.xml,tadSyncid5id0.xml,11415,
tadSyncid2id3.xml,tadSyncid2id4.xml,4302,
tadSyncid2id3.xml,tadSyncid3id2.xml,4789,
tadSyncid2id3.xml,tadSyncid3id3.xml,4655,
tadSyncid2id3.xml,tadSyncid3id4.xml,4661,
tadSyncid2id3.xml,tadSyncid3id1.xml,6357,
tadSyncid2id3.xml,tadSyncid4id3.xml,4896,
tadSyncid2id3.xml,tmi1.xml,3834,
tadSyncid2id3.xml,tmi10.xml,3530,
tadSyncid2id3.xml,tmi13.xml,3422,
tadSyncid2id3.xml,tmi12.xml,4189,
tadSyncid2id3.xml,tadSyncid5id3.xml,6135,
tadSyncid2id3.xml,tmi2.xml,4247,
tadSyncid2id3.xml,tmi4.xml,3163,
tadSyncid2id3.xml,tmi11.xml,5760,
tadSyncid2id3.xml,tadSyncid4id4.xml,8413,
tadSyncid2id3.xml,tadSyncid4id1.xml,9307,
tadSyncid2id3.xml,tadSyncid5id0.xml,9104,
tadSyncid2id3.xml,tadSyncid5id1.xml,9213,
tadSyncid2id3.xml,tmi6.xml,5022,
tadSyncid2id3.xml,tmi9.xml,4929,
tadSyncid2id4.xml,tadSyncid3id1.xml,3909,
tadSyncid2id3.xml,tadSyncid5id5.xml,9062,
tadSyncid2id4.xml,tadSyncid3id2.xml,3830,
tadSyncid2id4.xml,tadSyncid3id0.xml,5260,
tadSyncid2id3.xml,tadSyncid5id2.xml,11220,
tadSyncid2id4.xml,tadSyncid3id3.xml,5179,
tadSyncid2id4.xml,tadSyncid3id4.xml,5241,
tadSyncid2id4.xml,tadSyncid4id3.xml,5504,
tadSyncid2id4.xml,tadSyncid5id3.xml,5786,
tadSyncid2id4.xml,tmi1.xml,5724,
tadSyncid2id4.xml,tmi10.xml,5693,
tadSyncid2id4.xml,tmi11.xml,5694,
tadSyncid2id4.xml,tmi12.xml,5735,
tadSyncid2id4.xml,tmi13.xml,5913,
tadSyncid2id4.xml,tmi2.xml,5145,
tadSyncid2id4.xml,tadSyncid4id1.xml,9624,
tadSyncid2id4.xml,tadSyncid5id5.xml,7246,
tadSyncid2id4.xml,tmi4.xml,5239,
tadSyncid2id4.xml,tadSyncid4id4.xml,9098,
tadSyncid2id4.xml,tmi6.xml,5271,
tadSyncid2id4.xml,tadSyncid5id0.xml,9000,
tadSyncid2id4.xml,tadSyncid5id2.xml,10364,
tadSyncid3id0.xml,tadSyncid3id3.xml,3982,
tadSyncid2id4.xml,tmi9.xml,6551,
tadSyncid2id4.xml,tadSyncid5id1.xml,11480,
tadSyncid3id0.xml,tadSyncid3id2.xml,5017,
tadSyncid3id0.xml,tadSyncid3id1.xml,5756,
tadSyncid3id0.xml,tmi1.xml,3548,
tadSyncid3id0.xml,tadSyncid4id3.xml,5474,
tadSyncid3id0.xml,tadSyncid5id3.xml,5128,
tadSyncid3id0.xml,tadSyncid3id4.xml,6891,3,smiTemplateid1.xml<->tmi4.xml  smiTemplateid4.xml<->tmi13.xml  tadSyncid3id0.xml<->tadSyncid3id4.xml,
tadSyncid3id0.xml,tadSyncid5id5.xml,6114,
tadSyncid3id0.xml,tmi11.xml,3764,
tadSyncid3id0.xml,tmi13.xml,2870,
tadSyncid3id0.xml,tadSyncid4id1.xml,8485,
tadSyncid3id0.xml,tmi10.xml,5696,
tadSyncid3id0.xml,tmi4.xml,4582,
tadSyncid3id0.xml,tmi12.xml,5932,
tadSyncid3id0.xml,tmi6.xml,4927,
tadSyncid3id0.xml,tmi2.xml,5272,
tadSyncid3id0.xml,tmi9.xml,5085,
tadSyncid3id1.xml,tadSyncid3id4.xml,3811,
tadSyncid3id1.xml,tadSyncid4id3.xml,3763,
tadSyncid3id0.xml,tadSyncid4id4.xml,10661,
tadSyncid3id0.xml,tadSyncid5id2.xml,10679,
tadSyncid3id1.xml,tadSyncid3id2.xml,5551,
tadSyncid3id0.xml,tadSyncid5id0.xml,11322,
tadSyncid3id1.xml,tadSyncid3id3.xml,5193,
tadSyncid3id0.xml,tadSyncid5id1.xml,11574,
tadSyncid3id1.xml,tmi11.xml,3453,
tadSyncid3id1.xml,tmi12.xml,3844,
tadSyncid3id1.xml,tadSyncid5id3.xml,5363,
tadSyncid3id1.xml,tmi13.xml,4599,
tadSyncid3id1.xml,tmi1.xml,5266,
tadSyncid3id1.xml,tadSyncid4id4.xml,8343,
tadSyncid3id1.xml,tadSyncid4id1.xml,9505,
tadSyncid3id1.xml,tmi10.xml,5899,
tadSyncid3id1.xml,tmi4.xml,5349,
tadSyncid3id1.xml,tmi2.xml,5962,
tadSyncid3id1.xml,tmi6.xml,5428,
tadSyncid3id1.xml,tadSyncid5id0.xml,8579,
tadSyncid3id1.xml,tmi9.xml,5522,
tadSyncid3id1.xml,tadSyncid5id5.xml,7715,
tadSyncid3id2.xml,tadSyncid3id3.xml,4565,
tadSyncid3id1.xml,tadSyncid5id2.xml,9771,
tadSyncid3id2.xml,tadSyncid3id4.xml,4439,
tadSyncid3id2.xml,tadSyncid5id3.xml,2780,
tadSyncid3id1.xml,tadSyncid5id1.xml,11482,
tadSyncid3id2.xml,tadSyncid4id3.xml,5386,
tadSyncid3id2.xml,tmi10.xml,4901,
tadSyncid3id2.xml,tmi1.xml,5132,
tadSyncid3id2.xml,tmi12.xml,5261,
tadSyncid3id2.xml,tmi11.xml,5604,
tadSyncid3id2.xml,tmi9.xml,2746,
tadSyncid3id2.xml,tmi13.xml,4932,
tadSyncid3id2.xml,tadSyncid4id4.xml,8650,
tadSyncid3id2.xml,tmi4.xml,4618,
tadSyncid3id2.xml,tadSyncid4id1.xml,9197,
tadSyncid3id2.xml,tmi2.xml,5230,
tadSyncid3id2.xml,tmi6.xml,4884,
tadSyncid3id2.xml,tadSyncid5id5.xml,7902,
tadSyncid3id2.xml,tadSyncid5id2.xml,8729,
tadSyncid3id2.xml,tadSyncid5id0.xml,9562,
tadSyncid3id3.xml,tadSyncid3id4.xml,5038,
tadSyncid3id2.xml,tadSyncid5id1.xml,9828,
tadSyncid3id3.xml,tadSyncid4id3.xml,5163,
tadSyncid3id3.xml,tmi1.xml,4424,
tadSyncid3id3.xml,tadSyncid5id3.xml,4832,
tadSyncid3id3.xml,tmi11.xml,5476,
tadSyncid3id3.xml,tmi10.xml,5585,
tadSyncid3id3.xml,tmi12.xml,5491,
tadSyncid3id3.xml,tmi13.xml,5270,
tadSyncid3id3.xml,tmi4.xml,4627,
tadSyncid3id3.xml,tmi2.xml,5176,
tadSyncid3id3.xml,tadSyncid4id1.xml,9083,
tadSyncid3id3.xml,tadSyncid4id4.xml,8394,
tadSyncid3id3.xml,tmi6.xml,5302,
tadSyncid3id3.xml,tadSyncid5id0.xml,9821,
tadSyncid3id3.xml,tadSyncid5id1.xml,9681,
tadSyncid3id3.xml,tadSyncid5id5.xml,8865,
tadSyncid3id3.xml,tmi9.xml,4519,
tadSyncid3id4.xml,tadSyncid4id3.xml,6019,
tadSyncid3id3.xml,tadSyncid5id2.xml,11442,
tadSyncid3id4.xml,tmi10.xml,4475,
tadSyncid3id4.xml,tmi11.xml,4319,
tadSyncid3id4.xml,tmi1.xml,5126,
tadSyncid3id4.xml,tadSyncid5id3.xml,5688,
tadSyncid3id4.xml,tmi4.xml,3190,
tadSyncid3id4.xml,tmi6.xml,2229,
tadSyncid3id4.xml,tadSyncid4id1.xml,9057,
tadSyncid3id4.xml,tadSyncid5id5.xml,7818,
tadSyncid3id4.xml,tadSyncid5id0.xml,8682,
tadSyncid3id4.xml,tmi13.xml,5371,
tadSyncid3id4.xml,tadSyncid4id4.xml,8902,
tadSyncid3id4.xml,tmi2.xml,5245,
tadSyncid3id4.xml,tmi12.xml,6626,
tadSyncid3id4.xml,tadSyncid5id2.xml,9278,
tadSyncid3id4.xml,tmi9.xml,5043,
tadSyncid3id4.xml,tadSyncid5id1.xml,10320,
tadSyncid4id1.xml,tadSyncid5id0.xml,8873,
tadSyncid4id1.xml,tadSyncid4id3.xml,9436,
tadSyncid4id1.xml,tadSyncid5id3.xml,8603,
tadSyncid4id1.xml,tmi1.xml,8164,
tadSyncid4id1.xml,tmi11.xml,8132,
tadSyncid4id1.xml,tadSyncid4id4.xml,11366,
tadSyncid4id1.xml,tmi10.xml,8540,
tadSyncid4id1.xml,tmi2.xml,7944,
tadSyncid4id1.xml,tmi13.xml,8048,
tadSyncid4id1.xml,tmi12.xml,8410,
tadSyncid4id1.xml,tmi4.xml,7593,
tadSyncid4id1.xml,tadSyncid5id5.xml,9891,
tadSyncid4id1.xml,tadSyncid5id2.xml,11536,
tadSyncid4id1.xml,tadSyncid5id1.xml,12960,
tadSyncid4id1.xml,tmi6.xml,8701,
tadSyncid4id1.xml,tmi9.xml,10109,
tadSyncid4id3.xml,tadSyncid5id3.xml,4100,
tadSyncid4id3.xml,tmi13.xml,3577,
tadSyncid4id3.xml,tmi10.xml,3857,
tadSyncid4id3.xml,tmi11.xml,3815,
tadSyncid4id3.xml,tmi1.xml,4174,
tadSyncid4id3.xml,tmi12.xml,4174,
tadSyncid4id3.xml,tmi2.xml,3655,
tadSyncid4id3.xml,tadSyncid4id4.xml,7450,
tadSyncid4id3.xml,tadSyncid5id0.xml,7768,
tadSyncid4id3.xml,tadSyncid5id1.xml,7751,
tadSyncid4id3.xml,tmi4.xml,6231,
tadSyncid4id3.xml,tadSyncid5id5.xml,8161,
tadSyncid4id3.xml,tmi6.xml,5586,
tadSyncid4id3.xml,tmi9.xml,5868,
tadSyncid4id3.xml,tadSyncid5id2.xml,9082,
tadSyncid4id4.xml,tmi11.xml,6278,
tadSyncid4id4.xml,tadSyncid5id3.xml,7377,
tadSyncid4id4.xml,tmi13.xml,5917,
tadSyncid4id4.xml,tmi1.xml,7988,
tadSyncid4id4.xml,tmi10.xml,8398,
tadSyncid4id4.xml,tmi12.xml,8026,
tadSyncid4id4.xml,tadSyncid5id5.xml,9422,
tadSyncid4id4.xml,tmi2.xml,7758,
tadSyncid4id4.xml,tadSyncid5id1.xml,11289,
tadSyncid4id4.xml,tmi6.xml,7381,
tadSyncid4id4.xml,tmi4.xml,7585,
tadSyncid4id4.xml,tmi9.xml,7616,
tadSyncid4id4.xml,tadSyncid5id0.xml,12294,
tadSyncid4id4.xml,tadSyncid5id2.xml,12142,
tadSyncid5id0.xml,tmi1.xml,6846,
tadSyncid5id0.xml,tmi11.xml,6042,
tadSyncid5id0.xml,tadSyncid5id3.xml,7836,
tadSyncid5id0.xml,tmi13.xml,5760,
tadSyncid5id0.xml,tadSyncid5id2.xml,10724,
tadSyncid5id0.xml,tmi10.xml,7397,
tadSyncid5id0.xml,tadSyncid5id5.xml,9327,
tadSyncid5id0.xml,tmi12.xml,7937,
tadSyncid5id0.xml,tadSyncid5id1.xml,13230,
tadSyncid5id0.xml,tmi4.xml,7139,
tadSyncid5id0.xml,tmi2.xml,7641,
tadSyncid5id0.xml,tmi6.xml,7960,
tadSyncid5id0.xml,tmi9.xml,8019,
tadSyncid5id1.xml,tadSyncid5id3.xml,8574,
tadSyncid5id1.xml,tadSyncid5id2.xml,10112,
tadSyncid5id1.xml,tmi2.xml,6376,
tadSyncid5id1.xml,tmi1.xml,7726,
tadSyncid5id1.xml,tadSyncid5id5.xml,10613,
tadSyncid5id1.xml,tmi13.xml,7497,
tadSyncid5id1.xml,tmi10.xml,7852,
tadSyncid5id1.xml,tmi12.xml,7701,
tadSyncid5id1.xml,tmi11.xml,8134,
tadSyncid5id1.xml,tmi6.xml,6982,
tadSyncid5id1.xml,tmi4.xml,9101,
tadSyncid5id1.xml,tmi9.xml,8584,
tadSyncid5id2.xml,tadSyncid5id3.xml,8432,
tadSyncid5id2.xml,tmi10.xml,7171,
tadSyncid5id3.xml,tmi1.xml,3655,
tadSyncid5id2.xml,tmi1.xml,7877,
tadSyncid5id3.xml,tadSyncid5id5.xml,4502,
tadSyncid5id3.xml,tmi10.xml,3410,
tadSyncid5id2.xml,tmi11.xml,7800,
tadSyncid5id3.xml,tmi13.xml,2319,
tadSyncid5id3.xml,tmi11.xml,3065,
tadSyncid5id2.xml,tmi6.xml,6680,
tadSyncid5id3.xml,tmi4.xml,2900,
tadSyncid5id3.xml,tmi2.xml,3266,
tadSyncid5id3.xml,tmi12.xml,3481,
tadSyncid5id2.xml,tmi13.xml,8218,
tadSyncid5id2.xml,tadSyncid5id5.xml,12064,
tadSyncid5id2.xml,tmi12.xml,8704,
tadSyncid5id3.xml,tmi6.xml,3402,
tadSyncid5id2.xml,tmi2.xml,9065,
tadSyncid5id3.xml,tmi9.xml,3967,
tadSyncid5id2.xml,tmi4.xml,9250,
tadSyncid5id2.xml,tmi9.xml,9631,
tadSyncid5id5.xml,tmi1.xml,6101,
tadSyncid5id5.xml,tmi11.xml,5672,
tadSyncid5id5.xml,tmi6.xml,4985,
tadSyncid5id5.xml,tmi10.xml,6977,
tmi1.xml,tmi11.xml,4687,
tmi1.xml,tmi10.xml,4938,
tadSyncid5id5.xml,tmi9.xml,5095,
tadSyncid5id5.xml,tmi12.xml,6854,
tmi1.xml,tmi4.xml,4169,
tadSyncid5id5.xml,tmi2.xml,6116,
tmi1.xml,tmi12.xml,5340,
tmi1.xml,tmi2.xml,4436,
tadSyncid5id5.xml,tmi13.xml,6664,
tmi1.xml,tmi13.xml,5001,
tmi1.xml,tmi6.xml,4137,
tadSyncid5id5.xml,tmi4.xml,6916,
tmi11.xml,tmi13.xml,1961,
tmi1.xml,tmi9.xml,4484,
tmi11.xml,tmi9.xml,2413,
tmi10.xml,tmi11.xml,4516,
tmi10.xml,tmi13.xml,4595,
tmi10.xml,tmi12.xml,5018,
tmi10.xml,tmi2.xml,4736,
tmi10.xml,tmi6.xml,4861,
tmi10.xml,tmi4.xml,5331,
tmi10.xml,tmi9.xml,5557,
tmi12.xml,tmi6.xml,3155,
tmi11.xml,tmi4.xml,5552,
tmi11.xml,tmi2.xml,5643,
tmi11.xml,tmi12.xml,5880,
tmi11.xml,tmi6.xml,5850,
tmi12.xml,tmi2.xml,5332,
tmi12.xml,tmi13.xml,5504,
tmi12.xml,tmi4.xml,5098,
tmi13.xml,tmi2.xml,3988,
tmi13.xml,tmi9.xml,4110,
tmi4.xml,tmi6.xml,2592,
tmi2.xml,tmi9.xml,2953,
tmi4.xml,tmi9.xml,3000,
tmi6.xml,tmi9.xml,3032,
tmi12.xml,tmi9.xml,5950,
tmi13.xml,tmi4.xml,5118,
tmi13.xml,tmi6.xml,4949,
tmi2.xml,tmi6.xml,4318,
tmi2.xml,tmi4.xml,4573,
Final Time: 359771