ccn1.xml,tadSyncid0id5.xml,1867,
ccn1.xml,cxs1.xml,2070,
ccn1.xml,tadSyncid0id3.xml,2255,
ccn1.xml,tadSyncid1id4.xml,2284,
ccn1.xml,tadSyncid1id5.xml,2422,
ccn1.xml,ccn2.xml,2420,
ccn1.xml,tadSyncid0id2.xml,2432,
ccn1.xml,smiTemplateid4.xml,2423,
ccn1.xml,tadSyncid0id4.xml,2529,
ccn1.xml,tadSyncid1id0.xml,2514,
ccn1.xml,smiTemplateid1.xml,2551,
ccn1.xml,tadSyncid2id0.xml,2569,
ccn1.xml,smiTemplateid2.xml,2522,
ccn1.xml,cxl1.xml,2551,
ccn1.xml,tadSyncid0id0.xml,2597,
ccn1.xml,tadSyncid1id2.xml,2644,
ccn1.xml,tadSyncid2id1.xml,2052,
ccn1.xml,tadSyncid2id3.xml,1929,
ccn1.xml,tadSyncid3id4.xml,1968,
ccn1.xml,tadSyncid4id3.xml,2014,
ccn1.xml,tadSyncid5id0.xml,2155,
ccn1.xml,tadSyncid5id3.xml,2080,
ccn1.xml,tadSyncid5id2.xml,2349,
ccn1.xml,tadSyncid2id4.xml,2460,
ccn1.xml,tadSyncid4id4.xml,2337,
ccn1.xml,tadSyncid3id1.xml,2782,
ccn1.xml,tadSyncid3id0.xml,2800,
ccn1.xml,tadSyncid3id2.xml,2849,
ccn1.xml,tadSyncid3id3.xml,2890,
ccn1.xml,tadSyncid4id1.xml,2985,
ccn1.xml,tadSyncid5id1.xml,3040,
ccn1.xml,tadSyncid5id5.xml,2966,
ccn1.xml,tmi1.xml,2725,
ccn1.xml,tmi13.xml,1999,
ccn1.xml,tmi2.xml,1795,
ccn1.xml,tmi11.xml,2125,
ccn1.xml,tmi6.xml,1905,
ccn2.xml,cxs1.xml,1701,
ccn2.xml,smiTemplateid2.xml,1638,
ccn1.xml,tmi10.xml,2658,
ccn1.xml,tmi12.xml,2486,
ccn1.xml,tmi9.xml,2376,
ccn1.xml,tmi4.xml,2580,
ccn2.xml,smiTemplateid4.xml,2172,
ccn2.xml,cxl1.xml,2533,
ccn2.xml,smiTemplateid1.xml,2486,
ccn2.xml,tadSyncid0id0.xml,2402,
ccn2.xml,tadSyncid0id2.xml,2683,
ccn2.xml,tadSyncid1id4.xml,1506,
ccn2.xml,tadSyncid1id0.xml,1490,
ccn2.xml,tadSyncid0id4.xml,2071,
ccn2.xml,tadSyncid2id4.xml,1710,
ccn2.xml,tadSyncid0id3.xml,2416,
ccn2.xml,tadSyncid1id5.xml,2118,
ccn2.xml,tadSyncid0id5.xml,2401,
ccn2.xml,tadSyncid2id1.xml,2056,
ccn2.xml,tadSyncid1id2.xml,2418,
ccn2.xml,tadSyncid2id0.xml,2213,
ccn2.xml,tadSyncid2id3.xml,2489,
ccn2.xml,tadSyncid3id0.xml,2332,
ccn2.xml,tadSyncid3id2.xml,2168,
ccn2.xml,tadSyncid3id1.xml,2287,
ccn2.xml,tadSyncid3id3.xml,2274,
ccn2.xml,tadSyncid3id4.xml,2087,
ccn2.xml,tadSyncid4id3.xml,2135,
ccn2.xml,tadSyncid4id1.xml,2324,
ccn2.xml,tadSyncid5id1.xml,1946,
ccn2.xml,tadSyncid5id0.xml,1993,
ccn2.xml,tadSyncid4id4.xml,2105,
ccn2.xml,tadSyncid5id3.xml,2072,
ccn2.xml,tadSyncid5id5.xml,1742,
ccn2.xml,tmi1.xml,2056,
ccn2.xml,tadSyncid5id2.xml,2275,
ccn2.xml,tmi10.xml,2119,
ccn2.xml,tmi13.xml,1838,
ccn2.xml,tmi11.xml,2172,
ccn2.xml,tmi12.xml,2317,
ccn2.xml,tmi2.xml,2303,
ccn2.xml,tmi4.xml,2349,
ccn2.xml,tmi6.xml,2438,
cxl1.xml,cxs1.xml,1952,1,cxl1.xml<->cxs1.xml,
cxl1.xml,smiTemplateid4.xml,1701,
cxl1.xml,tadSyncid0id2.xml,1780,
ccn2.xml,tmi9.xml,2424,
cxl1.xml,smiTemplateid2.xml,2000,
cxl1.xml,tadSyncid0id4.xml,1899,
cxl1.xml,smiTemplateid1.xml,2243,
cxl1.xml,tadSyncid0id0.xml,2272,
cxl1.xml,tadSyncid0id3.xml,2204,
cxl1.xml,tadSyncid0id5.xml,2316,
cxl1.xml,tadSyncid1id0.xml,2087,
cxl1.xml,tadSyncid1id2.xml,2150,
cxl1.xml,tadSyncid1id4.xml,2605,
cxl1.xml,tadSyncid2id0.xml,2280,
cxl1.xml,tadSyncid1id5.xml,2558,
cxl1.xml,tadSyncid3id2.xml,1745,
cxl1.xml,tadSyncid2id3.xml,2186,
cxl1.xml,tadSyncid2id1.xml,2343,
cxl1.xml,tadSyncid3id4.xml,1808,
cxl1.xml,tadSyncid2id4.xml,2325,
cxl1.xml,tadSyncid4id3.xml,2056,
cxl1.xml,tadSyncid3id3.xml,2294,
cxl1.xml,tadSyncid3id1.xml,2435,
cxl1.xml,tadSyncid4id1.xml,2168,
cxl1.xml,tadSyncid3id0.xml,2639,
cxl1.xml,tadSyncid5id0.xml,2088,
cxl1.xml,tadSyncid4id4.xml,2166,
cxl1.xml,tadSyncid5id3.xml,1774,
cxl1.xml,tmi10.xml,1820,
cxl1.xml,tadSyncid5id1.xml,2794,
cxl1.xml,tadSyncid5id2.xml,2323,
cxl1.xml,tadSyncid5id5.xml,2166,
cxl1.xml,tmi11.xml,2339,
cxl1.xml,tmi4.xml,1757,
cxl1.xml,tmi1.xml,2511,
cxl1.xml,tmi12.xml,2291,
cxl1.xml,tmi9.xml,1773,
cxl1.xml,tmi13.xml,2274,
cxl1.xml,tmi6.xml,2261,
cxs1.xml,smiTemplateid1.xml,2167,
cxl1.xml,tmi2.xml,2354,
cxs1.xml,smiTemplateid4.xml,2366,
cxs1.xml,smiTemplateid2.xml,2451,
cxs1.xml,tadSyncid0id5.xml,1530,
cxs1.xml,tadSyncid0id0.xml,2316,
cxs1.xml,tadSyncid2id1.xml,1500,
cxs1.xml,tadSyncid1id4.xml,1666,
cxs1.xml,tadSyncid0id2.xml,2316,
cxs1.xml,tadSyncid0id3.xml,2253,
cxs1.xml,tadSyncid1id0.xml,2065,
cxs1.xml,tadSyncid3id0.xml,1640,
cxs1.xml,tadSyncid0id4.xml,2520,
cxs1.xml,tadSyncid1id2.xml,2316,
cxs1.xml,tadSyncid2id0.xml,2348,
cxs1.xml,tadSyncid1id5.xml,2596,
cxs1.xml,tadSyncid2id4.xml,2344,
cxs1.xml,tadSyncid2id3.xml,2422,
cxs1.xml,tadSyncid3id1.xml,2399,
cxs1.xml,tadSyncid3id3.xml,1985,
cxs1.xml,tadSyncid4id3.xml,1828,
cxs1.xml,tadSyncid3id2.xml,2603,
cxs1.xml,tadSyncid4id4.xml,2134,
cxs1.xml,tadSyncid4id1.xml,2304,
cxs1.xml,tadSyncid5id0.xml,2211,
cxs1.xml,tadSyncid3id4.xml,2523,
cxs1.xml,tadSyncid5id5.xml,1884,
cxs1.xml,tadSyncid5id1.xml,2218,
cxs1.xml,tadSyncid5id2.xml,2214,
cxs1.xml,tadSyncid5id3.xml,2182,
cxs1.xml,tmi1.xml,2182,
cxs1.xml,tmi11.xml,2217,
cxs1.xml,tmi10.xml,2484,
cxs1.xml,tmi12.xml,2342,
cxs1.xml,tmi4.xml,1861,
cxs1.xml,tmi2.xml,2049,
cxs1.xml,tmi13.xml,2222,
smiTemplateid1.xml,smiTemplateid4.xml,1711,
cxs1.xml,tmi6.xml,2304,
smiTemplateid1.xml,tadSyncid0id2.xml,1847,
smiTemplateid1.xml,tadSyncid0id0.xml,1958,
smiTemplateid1.xml,tadSyncid0id3.xml,1942,
smiTemplateid1.xml,tadSyncid0id5.xml,1840,
cxs1.xml,tmi9.xml,2256,
smiTemplateid1.xml,tadSyncid0id4.xml,2083,
smiTemplateid1.xml,smiTemplateid2.xml,2475,
smiTemplateid1.xml,tadSyncid1id5.xml,1901,
smiTemplateid1.xml,tadSyncid1id0.xml,2664,
smiTemplateid1.xml,tadSyncid1id4.xml,1941,
smiTemplateid1.xml,tadSyncid2id3.xml,1659,
smiTemplateid1.xml,tadSyncid2id0.xml,2371,
smiTemplateid1.xml,tadSyncid1id2.xml,2667,
smiTemplateid1.xml,tadSyncid3id3.xml,1667,
smiTemplateid1.xml,tadSyncid3id1.xml,1957,
smiTemplateid1.xml,tadSyncid3id2.xml,1974,
smiTemplateid1.xml,tadSyncid2id1.xml,2393,
smiTemplateid1.xml,tadSyncid2id4.xml,2248,
smiTemplateid1.xml,tadSyncid3id0.xml,2199,
smiTemplateid1.xml,tadSyncid3id4.xml,2204,
smiTemplateid1.xml,tadSyncid4id1.xml,2166,
smiTemplateid1.xml,tadSyncid4id3.xml,2041,
smiTemplateid1.xml,tadSyncid4id4.xml,2198,
smiTemplateid1.xml,tadSyncid5id1.xml,1759,
smiTemplateid1.xml,tadSyncid5id0.xml,2302,
smiTemplateid1.xml,tmi1.xml,1638,
smiTemplateid1.xml,tadSyncid5id3.xml,2151,
smiTemplateid1.xml,tadSyncid5id2.xml,2590,
smiTemplateid1.xml,tadSyncid5id5.xml,2031,
smiTemplateid1.xml,tmi2.xml,1725,
smiTemplateid1.xml,tmi11.xml,1982,
smiTemplateid1.xml,tmi10.xml,2124,
smiTemplateid1.xml,tmi4.xml,2117,2,cxl1.xml<->cxs1.xml  smiTemplateid1.xml<->tmi4.xml,
smiTemplateid1.xml,tmi12.xml,2180,
smiTemplateid1.xml,tmi13.xml,2198,
smiTemplateid1.xml,tmi6.xml,2088,
smiTemplateid2.xml,smiTemplateid4.xml,1977,
smiTemplateid1.xml,tmi9.xml,2211,
smiTemplateid2.xml,tadSyncid0id0.xml,2255,
smiTemplateid2.xml,tadSyncid0id2.xml,2171,
smiTemplateid2.xml,tadSyncid0id4.xml,1994,
smiTemplateid2.xml,tadSyncid0id3.xml,2182,
smiTemplateid2.xml,tadSyncid1id5.xml,1926,
smiTemplateid2.xml,tadSyncid1id4.xml,2009,
smiTemplateid2.xml,tadSyncid1id0.xml,2205,
smiTemplateid2.xml,tadSyncid0id5.xml,2370,
smiTemplateid2.xml,tadSyncid2id0.xml,2198,
smiTemplateid2.xml,tadSyncid1id2.xml,2420,
smiTemplateid2.xml,tadSyncid2id1.xml,2128,
smiTemplateid2.xml,tadSyncid2id4.xml,2198,
smiTemplateid2.xml,tadSyncid2id3.xml,2281,
smiTemplateid2.xml,tadSyncid3id1.xml,1994,
smiTemplateid2.xml,tadSyncid3id0.xml,2291,
smiTemplateid2.xml,tadSyncid3id2.xml,2277,
smiTemplateid2.xml,tadSyncid3id3.xml,2236,
smiTemplateid2.xml,tadSyncid3id4.xml,2288,
smiTemplateid2.xml,tadSyncid4id3.xml,2037,
smiTemplateid2.xml,tadSyncid5id2.xml,1899,
smiTemplateid2.xml,tadSyncid4id1.xml,2402,
smiTemplateid2.xml,tmi1.xml,1695,
smiTemplateid2.xml,tadSyncid4id4.xml,2244,
smiTemplateid2.xml,tadSyncid5id1.xml,2149,
smiTemplateid2.xml,tadSyncid5id0.xml,2260,
smiTemplateid2.xml,tmi12.xml,1851,
smiTemplateid2.xml,tadSyncid5id5.xml,2260,
smiTemplateid2.xml,tadSyncid5id3.xml,2401,
smiTemplateid2.xml,tmi10.xml,2432,
smiTemplateid2.xml,tmi11.xml,2370,
smiTemplateid2.xml,tmi13.xml,2089,
smiTemplateid2.xml,tmi2.xml,2224,
smiTemplateid2.xml,tmi4.xml,2273,
smiTemplateid2.xml,tmi6.xml,2132,
smiTemplateid2.xml,tmi9.xml,2150,
smiTemplateid4.xml,tadSyncid0id0.xml,1924,
smiTemplateid4.xml,tadSyncid0id2.xml,1956,
smiTemplateid4.xml,tadSyncid0id5.xml,1828,
smiTemplateid4.xml,tadSyncid0id3.xml,2130,
smiTemplateid4.xml,tadSyncid0id4.xml,2082,
smiTemplateid4.xml,tadSyncid1id0.xml,2051,
smiTemplateid4.xml,tadSyncid1id4.xml,1721,
smiTemplateid4.xml,tadSyncid1id5.xml,1863,
smiTemplateid4.xml,tadSyncid2id1.xml,1690,
smiTemplateid4.xml,tadSyncid1id2.xml,2208,
smiTemplateid4.xml,tadSyncid2id0.xml,2145,
smiTemplateid4.xml,tadSyncid2id3.xml,2192,
smiTemplateid4.xml,tadSyncid3id3.xml,1490,
smiTemplateid4.xml,tadSyncid2id4.xml,2277,
smiTemplateid4.xml,tadSyncid3id0.xml,2010,
smiTemplateid4.xml,tadSyncid4id1.xml,1568,
smiTemplateid4.xml,tadSyncid4id4.xml,1568,
smiTemplateid4.xml,tadSyncid3id1.xml,2085,
smiTemplateid4.xml,tadSyncid5id0.xml,1740,
smiTemplateid4.xml,tadSyncid3id2.xml,2102,
smiTemplateid4.xml,tadSyncid3id4.xml,2259,
smiTemplateid4.xml,tadSyncid4id3.xml,2086,
smiTemplateid4.xml,tadSyncid5id2.xml,1850,
smiTemplateid4.xml,tadSyncid5id1.xml,2053,
smiTemplateid4.xml,tadSyncid5id3.xml,1966,
smiTemplateid4.xml,tadSyncid5id5.xml,2176,
smiTemplateid4.xml,tmi10.xml,1851,
smiTemplateid4.xml,tmi1.xml,2196,
smiTemplateid4.xml,tmi11.xml,1914,
smiTemplateid4.xml,tmi12.xml,1866,
smiTemplateid4.xml,tmi13.xml,1851,3,cxl1.xml<->cxs1.xml  smiTemplateid1.xml<->tmi4.xml  smiTemplateid4.xml<->tmi13.xml,
smiTemplateid4.xml,tmi9.xml,1506,
smiTemplateid4.xml,tmi2.xml,2087,
smiTemplateid4.xml,tmi4.xml,1914,
tadSyncid0id0.xml,tadSyncid0id5.xml,1604,
tadSyncid0id0.xml,tadSyncid0id4.xml,1696,
smiTemplateid4.xml,tmi6.xml,2135,
tadSyncid0id0.xml,tadSyncid0id2.xml,2307,
tadSyncid0id0.xml,tadSyncid1id0.xml,2229,
tadSyncid0id0.xml,tadSyncid0id3.xml,2459,
tadSyncid0id0.xml,tadSyncid2id4.xml,1471,
tadSyncid0id0.xml,tadSyncid1id2.xml,2412,
tadSyncid0id0.xml,tadSyncid1id5.xml,2162,
tadSyncid0id0.xml,tadSyncid1id4.xml,2397,
tadSyncid0id0.xml,tadSyncid3id4.xml,1642,
tadSyncid0id0.xml,tadSyncid2id1.xml,2272,
tadSyncid0id0.xml,tadSyncid2id0.xml,2459,
tadSyncid0id0.xml,tadSyncid3id0.xml,2366,
tadSyncid0id0.xml,tadSyncid2id3.xml,2459,
tadSyncid0id0.xml,tadSyncid3id1.xml,2271,
tadSyncid0id0.xml,tadSyncid3id3.xml,2287,
tadSyncid0id0.xml,tadSyncid3id2.xml,2459,
tadSyncid0id0.xml,tadSyncid4id3.xml,2255,
tadSyncid0id0.xml,tadSyncid4id1.xml,2444,
tadSyncid0id0.xml,tadSyncid4id4.xml,2306,
tadSyncid0id0.xml,tadSyncid5id1.xml,1993,
tadSyncid0id0.xml,tadSyncid5id0.xml,2413,
tadSyncid0id0.xml,tadSyncid5id3.xml,2119,
tadSyncid0id0.xml,tadSyncid5id2.xml,2308,
tadSyncid0id0.xml,tmi13.xml,1677,
tadSyncid0id0.xml,tadSyncid5id5.xml,2289,
tadSyncid0id0.xml,tmi1.xml,2005,
tadSyncid0id0.xml,tmi11.xml,2074,
tadSyncid0id0.xml,tmi10.xml,2199,
tadSyncid0id0.xml,tmi6.xml,1823,
tadSyncid0id0.xml,tmi2.xml,2299,
tadSyncid0id0.xml,tmi12.xml,2576,
tadSyncid0id0.xml,tmi4.xml,2280,
tadSyncid0id2.xml,tadSyncid1id0.xml,1942,
tadSyncid0id2.xml,tadSyncid0id3.xml,2506,
tadSyncid0id0.xml,tmi9.xml,2584,
tadSyncid0id2.xml,tadSyncid0id5.xml,2413,
tadSyncid0id2.xml,tadSyncid1id2.xml,2132,
tadSyncid0id2.xml,tadSyncid0id4.xml,2538,
tadSyncid0id2.xml,tadSyncid1id4.xml,2259,
tadSyncid0id2.xml,tadSyncid2id0.xml,2098,
tadSyncid0id2.xml,tadSyncid1id5.xml,2259,
tadSyncid0id2.xml,tadSyncid2id1.xml,2378,
tadSyncid0id2.xml,tadSyncid2id3.xml,2253,
tadSyncid0id2.xml,tadSyncid2id4.xml,2395,
tadSyncid0id2.xml,tadSyncid3id1.xml,2050,
tadSyncid0id2.xml,tadSyncid3id0.xml,2583,
tadSyncid0id2.xml,tadSyncid3id2.xml,2360,
tadSyncid0id2.xml,tadSyncid3id3.xml,2441,
tadSyncid0id2.xml,tadSyncid4id1.xml,2213,
tadSyncid0id2.xml,tadSyncid3id4.xml,2495,
tadSyncid0id2.xml,tadSyncid4id3.xml,2464,
tadSyncid0id2.xml,tadSyncid4id4.xml,2232,
tadSyncid0id2.xml,tadSyncid5id2.xml,2171,
tadSyncid0id2.xml,tadSyncid5id1.xml,2405,
tadSyncid0id2.xml,tadSyncid5id3.xml,2235,
tadSyncid0id2.xml,tadSyncid5id0.xml,2514,
tadSyncid0id2.xml,tadSyncid5id5.xml,2137,
tadSyncid0id2.xml,tmi10.xml,2353,
tadSyncid0id2.xml,tmi11.xml,2258,
tadSyncid0id2.xml,tmi1.xml,2698,
tadSyncid0id2.xml,tmi12.xml,2479,
tadSyncid0id2.xml,tmi13.xml,2150,
tadSyncid0id2.xml,tmi2.xml,2446,
tadSyncid0id2.xml,tmi4.xml,2447,
tadSyncid0id2.xml,tmi6.xml,2180,
tadSyncid0id3.xml,tadSyncid0id5.xml,2082,
tadSyncid0id3.xml,tadSyncid0id4.xml,2133,
tadSyncid0id3.xml,tadSyncid1id0.xml,2082,
tadSyncid0id2.xml,tmi9.xml,2349,
tadSyncid0id3.xml,tadSyncid2id0.xml,2177,
tadSyncid0id3.xml,tadSyncid1id4.xml,2368,
tadSyncid0id3.xml,tadSyncid1id5.xml,2397,
tadSyncid0id3.xml,tadSyncid1id2.xml,2506,
tadSyncid0id3.xml,tadSyncid2id1.xml,2192,
tadSyncid0id3.xml,tadSyncid2id3.xml,2433,
tadSyncid0id3.xml,tadSyncid2id4.xml,2463,
tadSyncid0id3.xml,tadSyncid3id1.xml,2542,
tadSyncid0id3.xml,tadSyncid3id0.xml,2683,
tadSyncid0id3.xml,tadSyncid3id3.xml,2363,
tadSyncid0id3.xml,tadSyncid5id0.xml,1868,
tadSyncid0id3.xml,tadSyncid4id3.xml,1884,
tadSyncid0id3.xml,tadSyncid3id2.xml,2810,
tadSyncid0id3.xml,tadSyncid4id1.xml,2339,
tadSyncid0id3.xml,tadSyncid3id4.xml,2779,
tadSyncid0id3.xml,tadSyncid4id4.xml,2386,
tadSyncid0id3.xml,tadSyncid5id3.xml,2338,
tadSyncid0id3.xml,tadSyncid5id1.xml,2527,
tadSyncid0id3.xml,tadSyncid5id2.xml,2486,
tadSyncid0id3.xml,tadSyncid5id5.xml,2511,
tadSyncid0id3.xml,tmi1.xml,2339,
tadSyncid0id3.xml,tmi10.xml,2558,
tadSyncid0id3.xml,tmi12.xml,2307,
tadSyncid0id3.xml,tmi6.xml,1962,
tadSyncid0id3.xml,tmi11.xml,3031,
tadSyncid0id4.xml,tadSyncid1id0.xml,1885,
tadSyncid0id3.xml,tmi2.xml,2482,
tadSyncid0id3.xml,tmi13.xml,2749,
tadSyncid0id4.xml,tadSyncid2id0.xml,1768,
tadSyncid0id4.xml,tadSyncid1id2.xml,2560,
tadSyncid0id3.xml,tmi9.xml,2780,
tadSyncid0id4.xml,tadSyncid0id5.xml,2706,
tadSyncid0id3.xml,tmi4.xml,3141,
tadSyncid0id4.xml,tadSyncid2id1.xml,2278,
tadSyncid0id4.xml,tadSyncid1id4.xml,2561,
tadSyncid0id4.xml,tadSyncid1id5.xml,2995,
tadSyncid0id4.xml,tadSyncid2id3.xml,2640,
tadSyncid0id4.xml,tadSyncid2id4.xml,2435,
tadSyncid0id4.xml,tadSyncid3id4.xml,1931,
tadSyncid0id4.xml,tadSyncid3id0.xml,2592,
tadSyncid0id4.xml,tadSyncid3id1.xml,2545,
tadSyncid0id4.xml,tadSyncid4id1.xml,2492,
tadSyncid0id4.xml,tadSyncid3id2.xml,2610,
tadSyncid0id4.xml,tadSyncid5id0.xml,1887,
tadSyncid0id4.xml,tadSyncid3id3.xml,2881,
tadSyncid0id4.xml,tadSyncid5id5.xml,1966,
tadSyncid0id4.xml,tadSyncid5id2.xml,2343,
tadSyncid0id4.xml,tadSyncid4id3.xml,2673,
tadSyncid0id4.xml,tadSyncid5id1.xml,2535,
tadSyncid0id4.xml,tadSyncid4id4.xml,2877,
tadSyncid0id4.xml,tadSyncid5id3.xml,2453,
tadSyncid0id4.xml,tmi10.xml,2149,
tadSyncid0id4.xml,tmi12.xml,1967,
tadSyncid0id4.xml,tmi11.xml,2343,
tadSyncid0id4.xml,tmi1.xml,2704,
tadSyncid0id4.xml,tmi13.xml,2292,
tadSyncid0id4.xml,tmi2.xml,2430,
tadSyncid0id4.xml,tmi6.xml,2337,
tadSyncid0id4.xml,tmi9.xml,2306,
tadSyncid0id4.xml,tmi4.xml,2447,
tadSyncid0id5.xml,tadSyncid1id5.xml,2186,
tadSyncid0id5.xml,tadSyncid1id2.xml,2291,
tadSyncid0id5.xml,tadSyncid1id0.xml,2605,
tadSyncid0id5.xml,tadSyncid2id3.xml,2039,
tadSyncid0id5.xml,tadSyncid2id0.xml,2290,
tadSyncid0id5.xml,tadSyncid1id4.xml,2570,
tadSyncid0id5.xml,tadSyncid2id1.xml,2726,
tadSyncid0id5.xml,tadSyncid3id0.xml,2438,
tadSyncid0id5.xml,tadSyncid3id3.xml,1970,
tadSyncid0id5.xml,tadSyncid2id4.xml,2659,
tadSyncid0id5.xml,tadSyncid3id1.xml,2252,
tadSyncid0id5.xml,tadSyncid3id4.xml,2441,
tadSyncid0id5.xml,tadSyncid3id2.xml,2766,
tadSyncid0id5.xml,tadSyncid4id4.xml,2410,
tadSyncid0id5.xml,tadSyncid4id3.xml,2519,
tadSyncid0id5.xml,tadSyncid5id1.xml,2034,
tadSyncid0id5.xml,tadSyncid4id1.xml,2661,
tadSyncid0id5.xml,tadSyncid5id2.xml,2261,
tadSyncid0id5.xml,tadSyncid5id3.xml,2204,
tadSyncid0id5.xml,tadSyncid5id5.xml,2273,
tadSyncid0id5.xml,tmi1.xml,2430,
tadSyncid0id5.xml,tadSyncid5id0.xml,2847,
tadSyncid0id5.xml,tmi12.xml,1834,
tadSyncid0id5.xml,tmi10.xml,2636,
tadSyncid0id5.xml,tmi2.xml,2399,
tadSyncid0id5.xml,tmi11.xml,2541,
tadSyncid0id5.xml,tmi13.xml,2494,
tadSyncid1id0.xml,tadSyncid1id4.xml,1664,
tadSyncid0id5.xml,tmi6.xml,2241,
tadSyncid1id0.xml,tadSyncid2id1.xml,1557,
tadSyncid0id5.xml,tmi4.xml,2601,
tadSyncid0id5.xml,tmi9.xml,2399,
tadSyncid1id0.xml,tadSyncid1id2.xml,2762,
tadSyncid1id0.xml,tadSyncid1id5.xml,2621,
tadSyncid1id0.xml,tadSyncid2id3.xml,2448,
tadSyncid1id0.xml,tadSyncid3id4.xml,1491,
tadSyncid1id0.xml,tadSyncid2id0.xml,2746,
tadSyncid1id0.xml,tadSyncid3id1.xml,2401,
tadSyncid1id0.xml,tadSyncid3id0.xml,2518,
tadSyncid1id0.xml,tadSyncid2id4.xml,2668,
tadSyncid1id0.xml,tadSyncid4id1.xml,2228,
tadSyncid1id0.xml,tadSyncid4id4.xml,1804,
tadSyncid1id0.xml,tadSyncid3id2.xml,2558,
tadSyncid1id0.xml,tadSyncid3id3.xml,2511,
tadSyncid1id0.xml,tadSyncid4id3.xml,2420,
tadSyncid1id0.xml,tadSyncid5id0.xml,2414,
tadSyncid1id0.xml,tmi10.xml,1701,
tadSyncid1id0.xml,tadSyncid5id2.xml,2374,
tadSyncid1id0.xml,tadSyncid5id1.xml,2718,
tadSyncid1id0.xml,tadSyncid5id3.xml,2281,
tadSyncid1id0.xml,tmi2.xml,1801,
tadSyncid1id0.xml,tadSyncid5id5.xml,2344,
tadSyncid1id0.xml,tmi11.xml,2343,
tadSyncid1id0.xml,tmi1.xml,2563,
tadSyncid1id0.xml,tmi12.xml,2361,
tadSyncid1id0.xml,tmi13.xml,2319,
tadSyncid1id0.xml,tmi9.xml,1794,
tadSyncid1id0.xml,tmi4.xml,2296,
tadSyncid1id0.xml,tmi6.xml,2460,
tadSyncid1id2.xml,tadSyncid1id4.xml,2566,
tadSyncid1id2.xml,tadSyncid1id5.xml,2435,
tadSyncid1id2.xml,tadSyncid2id3.xml,1760,
tadSyncid1id2.xml,tadSyncid2id0.xml,2367,
tadSyncid1id2.xml,tadSyncid3id2.xml,1873,
tadSyncid1id2.xml,tadSyncid2id1.xml,2413,
tadSyncid1id2.xml,tadSyncid4id4.xml,1860,
tadSyncid1id2.xml,tadSyncid2id4.xml,2723,
tadSyncid1id2.xml,tadSyncid3id0.xml,2566,
tadSyncid1id2.xml,tadSyncid3id1.xml,2736,
tadSyncid1id2.xml,tadSyncid3id3.xml,2457,
tadSyncid1id2.xml,tadSyncid3id4.xml,2460,
tadSyncid1id2.xml,tadSyncid4id1.xml,2394,
tadSyncid1id2.xml,tadSyncid4id3.xml,2722,
tadSyncid1id2.xml,tadSyncid5id1.xml,2343,
tadSyncid1id2.xml,tadSyncid5id0.xml,2591,
tadSyncid1id2.xml,tmi1.xml,2052,
tadSyncid1id2.xml,tadSyncid5id5.xml,2413,
tadSyncid1id2.xml,tadSyncid5id2.xml,2807,
tadSyncid1id2.xml,tmi10.xml,2457,
tadSyncid1id2.xml,tmi4.xml,1644,
tadSyncid1id2.xml,tadSyncid5id3.xml,2951,
tadSyncid1id2.xml,tmi6.xml,2083,
tadSyncid1id2.xml,tmi11.xml,2709,
tadSyncid1id2.xml,tmi2.xml,2567,
tadSyncid1id2.xml,tmi13.xml,2629,
tadSyncid1id2.xml,tmi12.xml,2842,
tadSyncid1id2.xml,tmi9.xml,2550,
tadSyncid1id4.xml,tadSyncid1id5.xml,2619,
tadSyncid1id4.xml,tadSyncid2id3.xml,2096,
tadSyncid1id4.xml,tadSyncid2id0.xml,2733,
tadSyncid1id4.xml,tadSyncid2id1.xml,2670,
tadSyncid1id4.xml,tadSyncid3id0.xml,2388,
tadSyncid1id4.xml,tadSyncid2id4.xml,2778,
tadSyncid1id4.xml,tadSyncid4id3.xml,1652,
tadSyncid1id4.xml,tadSyncid4id4.xml,1583,
tadSyncid1id4.xml,tadSyncid3id1.xml,2545,
tadSyncid1id4.xml,tadSyncid3id2.xml,2644,
tadSyncid1id4.xml,tadSyncid3id4.xml,2486,
tadSyncid1id4.xml,tadSyncid3id3.xml,2606,
tadSyncid1id4.xml,tadSyncid5id0.xml,2262,
tadSyncid1id4.xml,tadSyncid4id1.xml,2580,
tadSyncid1id4.xml,tadSyncid5id1.xml,2501,
tadSyncid1id4.xml,tadSyncid5id2.xml,2375,
tadSyncid1id4.xml,tadSyncid5id3.xml,2364,
tadSyncid1id4.xml,tadSyncid5id5.xml,2390,
tadSyncid1id4.xml,tmi1.xml,2401,
tadSyncid1id4.xml,tmi10.xml,2362,
tadSyncid1id4.xml,tmi13.xml,2185,
tadSyncid1id4.xml,tmi12.xml,2279,
tadSyncid1id4.xml,tmi4.xml,2052,
tadSyncid1id4.xml,tmi11.xml,2411,
tadSyncid1id4.xml,tmi2.xml,2376,
tadSyncid1id4.xml,tmi9.xml,2219,
tadSyncid1id4.xml,tmi6.xml,2250,
tadSyncid1id5.xml,tadSyncid2id0.xml,2251,
tadSyncid1id5.xml,tadSyncid2id1.xml,2329,
tadSyncid1id5.xml,tadSyncid3id1.xml,2157,
tadSyncid1id5.xml,tadSyncid2id4.xml,2360,
tadSyncid1id5.xml,tadSyncid2id3.xml,2565,
tadSyncid1id5.xml,tadSyncid3id0.xml,2813,
tadSyncid1id5.xml,tadSyncid3id2.xml,2428,
tadSyncid1id5.xml,tadSyncid4id3.xml,1706,
tadSyncid1id5.xml,tadSyncid3id3.xml,2489,
tadSyncid1id5.xml,tadSyncid4id4.xml,1725,
tadSyncid1id5.xml,tadSyncid5id3.xml,1898,
tadSyncid1id5.xml,tadSyncid3id4.xml,2712,
tadSyncid1id5.xml,tadSyncid4id1.xml,2696,
tadSyncid1id5.xml,tadSyncid5id1.xml,2577,
tadSyncid1id5.xml,tadSyncid5id0.xml,2749,
tadSyncid1id5.xml,tmi11.xml,1890,
tadSyncid1id5.xml,tadSyncid5id2.xml,2861,
tadSyncid1id5.xml,tmi1.xml,2603,
tadSyncid1id5.xml,tadSyncid5id5.xml,2940,
tadSyncid1id5.xml,tmi2.xml,2126,
tadSyncid1id5.xml,tmi4.xml,2157,
tadSyncid1id5.xml,tmi9.xml,1969,
tadSyncid1id5.xml,tmi10.xml,2862,
tadSyncid1id5.xml,tmi12.xml,2749,
tadSyncid1id5.xml,tmi13.xml,2600,
tadSyncid2id0.xml,tadSyncid3id1.xml,1735,
tadSyncid1id5.xml,tmi6.xml,2940,
tadSyncid2id0.xml,tadSyncid2id1.xml,2513,
tadSyncid2id0.xml,tadSyncid2id3.xml,2482,
tadSyncid2id0.xml,tadSyncid3id0.xml,2342,
tadSyncid2id0.xml,tadSyncid2id4.xml,3031,
tadSyncid2id0.xml,tadSyncid4id1.xml,2134,
tadSyncid2id0.xml,tadSyncid3id2.xml,2668,
tadSyncid2id0.xml,tadSyncid3id3.xml,2643,
tadSyncid2id0.xml,tadSyncid4id3.xml,2322,
tadSyncid2id0.xml,tadSyncid3id4.xml,2747,
tadSyncid2id0.xml,tadSyncid5id0.xml,2401,
tadSyncid2id0.xml,tadSyncid4id4.xml,2510,
tadSyncid2id0.xml,tadSyncid5id1.xml,2547,
tadSyncid2id0.xml,tmi11.xml,1930,
tadSyncid2id0.xml,tadSyncid5id2.xml,2870,
tadSyncid2id0.xml,tadSyncid5id3.xml,2714,
tadSyncid2id0.xml,tadSyncid5id5.xml,2600,
tadSyncid2id0.xml,tmi1.xml,2613,
tadSyncid2id0.xml,tmi2.xml,1863,
tadSyncid2id0.xml,tmi10.xml,2993,
tadSyncid2id0.xml,tmi12.xml,2875,
tadSyncid2id1.xml,tadSyncid3id0.xml,1832,
tadSyncid2id0.xml,tmi6.xml,2538,
tadSyncid2id0.xml,tmi13.xml,3103,
tadSyncid2id0.xml,tmi4.xml,2711,
tadSyncid2id0.xml,tmi9.xml,2571,
tadSyncid2id1.xml,tadSyncid2id3.xml,2460,
tadSyncid2id1.xml,tadSyncid3id4.xml,2012,
tadSyncid2id1.xml,tadSyncid3id1.xml,2544,
tadSyncid2id1.xml,tadSyncid2id4.xml,2742,
tadSyncid2id1.xml,tadSyncid3id3.xml,2490,
tadSyncid2id1.xml,tadSyncid3id2.xml,2733,
tadSyncid2id1.xml,tadSyncid4id3.xml,2533,
tadSyncid2id1.xml,tadSyncid4id1.xml,2847,
tadSyncid2id1.xml,tadSyncid5id0.xml,2369,
tadSyncid2id1.xml,tadSyncid5id2.xml,2314,
tadSyncid2id1.xml,tadSyncid4id4.xml,3067,
tadSyncid2id1.xml,tadSyncid5id1.xml,2504,
tadSyncid2id1.xml,tadSyncid5id5.xml,2085,
tadSyncid2id1.xml,tmi11.xml,2197,
tadSyncid2id1.xml,tmi1.xml,2331,
tadSyncid2id1.xml,tmi2.xml,2017,
tadSyncid2id1.xml,tmi12.xml,2418,
tadSyncid2id1.xml,tmi10.xml,2701,
tadSyncid2id1.xml,tadSyncid5id3.xml,2860,
tadSyncid2id1.xml,tmi13.xml,2519,
tadSyncid2id1.xml,tmi4.xml,3024,
tadSyncid2id1.xml,tmi6.xml,2827,
tadSyncid2id3.xml,tadSyncid2id4.xml,2136,
tadSyncid2id1.xml,tmi9.xml,2525,
tadSyncid2id3.xml,tadSyncid3id3.xml,1912,
tadSyncid2id3.xml,tadSyncid3id1.xml,2148,
tadSyncid2id3.xml,tadSyncid3id0.xml,2487,
tadSyncid2id3.xml,tadSyncid4id1.xml,1896,
tadSyncid2id3.xml,tadSyncid3id2.xml,2439,
tadSyncid2id3.xml,tadSyncid3id4.xml,2461,
tadSyncid2id3.xml,tadSyncid5id2.xml,2508,
tadSyncid2id3.xml,tadSyncid4id3.xml,2994,
tadSyncid2id3.xml,tadSyncid4id4.xml,2915,
tadSyncid2id3.xml,tadSyncid5id0.xml,2772,
tadSyncid2id3.xml,tadSyncid5id1.xml,2949,
tadSyncid2id3.xml,tadSyncid5id3.xml,2873,
tadSyncid2id3.xml,tmi1.xml,2191,
tadSyncid2id3.xml,tadSyncid5id5.xml,2442,
tadSyncid2id3.xml,tmi11.xml,2306,
tadSyncid2id3.xml,tmi10.xml,2572,
tadSyncid2id3.xml,tmi12.xml,2562,
tadSyncid2id3.xml,tmi4.xml,2415,
tadSyncid2id3.xml,tmi2.xml,2556,
tadSyncid2id3.xml,tmi13.xml,2698,
tadSyncid2id3.xml,tmi6.xml,2525,
tadSyncid2id4.xml,tadSyncid3id3.xml,1915,
tadSyncid2id4.xml,tadSyncid3id1.xml,2253,
tadSyncid2id4.xml,tadSyncid3id0.xml,2432,
tadSyncid2id3.xml,tmi9.xml,3122,
tadSyncid2id4.xml,tadSyncid3id4.xml,2417,
tadSyncid2id4.xml,tadSyncid3id2.xml,2781,
tadSyncid2id4.xml,tadSyncid4id1.xml,2632,
tadSyncid2id4.xml,tadSyncid4id3.xml,2436,
tadSyncid2id4.xml,tadSyncid4id4.xml,2662,
tadSyncid2id4.xml,tadSyncid5id1.xml,2429,
tadSyncid2id4.xml,tadSyncid5id0.xml,2665,
tadSyncid2id4.xml,tadSyncid5id2.xml,2335,
tadSyncid2id4.xml,tadSyncid5id5.xml,2257,
tadSyncid2id4.xml,tadSyncid5id3.xml,2383,
tadSyncid2id4.xml,tmi1.xml,2396,
tadSyncid2id4.xml,tmi10.xml,2271,
tadSyncid2id4.xml,tmi12.xml,2286,
tadSyncid2id4.xml,tmi13.xml,2271,
tadSyncid2id4.xml,tmi2.xml,2459,
tadSyncid2id4.xml,tmi11.xml,2804,
tadSyncid2id4.xml,tmi6.xml,2363,
tadSyncid2id4.xml,tmi4.xml,2669,
tadSyncid2id4.xml,tmi9.xml,2481,
tadSyncid3id0.xml,tadSyncid3id3.xml,2029,
tadSyncid3id0.xml,tadSyncid3id1.xml,2607,
tadSyncid3id0.xml,tadSyncid3id2.xml,2252,
tadSyncid3id0.xml,tadSyncid4id4.xml,2184,
tadSyncid3id0.xml,tadSyncid3id4.xml,2419,4,cxl1.xml<->cxs1.xml  smiTemplateid1.xml<->tmi4.xml  smiTemplateid4.xml<->tmi13.xml  tadSyncid3id0.xml<->tadSyncid3id4.xml,
tadSyncid3id0.xml,tadSyncid4id3.xml,2309,
tadSyncid3id0.xml,tadSyncid5id1.xml,2125,
tadSyncid3id0.xml,tadSyncid5id0.xml,2202,
tadSyncid3id0.xml,tadSyncid4id1.xml,2661,
tadSyncid3id0.xml,tmi1.xml,2123,
tadSyncid3id0.xml,tadSyncid5id5.xml,2374,
tadSyncid3id0.xml,tmi13.xml,1992,
tadSyncid3id0.xml,tadSyncid5id3.xml,2803,
tadSyncid3id0.xml,tadSyncid5id2.xml,3053,
tadSyncid3id0.xml,tmi10.xml,2353,
tadSyncid3id0.xml,tmi11.xml,2544,
tadSyncid3id0.xml,tmi12.xml,2529,
tadSyncid3id0.xml,tmi2.xml,2403,
tadSyncid3id0.xml,tmi4.xml,2436,
tadSyncid3id0.xml,tmi6.xml,2312,
tadSyncid3id1.xml,tadSyncid3id4.xml,2236,
tadSyncid3id0.xml,tmi9.xml,2368,
tadSyncid3id1.xml,tadSyncid3id2.xml,2399,
tadSyncid3id1.xml,tadSyncid3id3.xml,2376,
tadSyncid3id1.xml,tadSyncid4id1.xml,2549,
tadSyncid3id1.xml,tadSyncid4id3.xml,2221,
tadSyncid3id1.xml,tadSyncid4id4.xml,2283,
tadSyncid3id1.xml,tadSyncid5id1.xml,2255,
tadSyncid3id1.xml,tadSyncid5id0.xml,2345,
tadSyncid3id1.xml,tadSyncid5id5.xml,2219,
tadSyncid3id1.xml,tmi10.xml,2101,
tadSyncid3id1.xml,tadSyncid5id2.xml,2604,
tadSyncid3id1.xml,tadSyncid5id3.xml,2604,
tadSyncid3id1.xml,tmi1.xml,2309,
tadSyncid3id1.xml,tmi11.xml,2272,
tadSyncid3id1.xml,tmi12.xml,2373,
tadSyncid3id1.xml,tmi13.xml,2304,
tadSyncid3id1.xml,tmi4.xml,2318,
tadSyncid3id1.xml,tmi6.xml,2344,
tadSyncid3id1.xml,tmi2.xml,2386,
tadSyncid3id1.xml,tmi9.xml,2438,
tadSyncid3id2.xml,tadSyncid3id3.xml,2525,
tadSyncid3id2.xml,tadSyncid3id4.xml,2640,
tadSyncid3id2.xml,tadSyncid5id2.xml,2061,
tadSyncid3id2.xml,tadSyncid5id0.xml,2109,
tadSyncid3id2.xml,tadSyncid5id1.xml,2170,
tadSyncid3id2.xml,tadSyncid4id3.xml,2551,
tadSyncid3id2.xml,tadSyncid4id1.xml,2599,
tadSyncid3id2.xml,tadSyncid4id4.xml,2438,
tadSyncid3id2.xml,tmi11.xml,2156,
tadSyncid3id2.xml,tadSyncid5id5.xml,2376,
tadSyncid3id2.xml,tadSyncid5id3.xml,2503,
tadSyncid3id2.xml,tmi10.xml,2616,
tadSyncid3id2.xml,tmi13.xml,2612,
tadSyncid3id2.xml,tmi12.xml,2627,
tadSyncid3id2.xml,tmi1.xml,2768,
tadSyncid3id2.xml,tmi2.xml,2690,
tadSyncid3id2.xml,tmi4.xml,2633,
tadSyncid3id3.xml,tadSyncid3id4.xml,2157,
tadSyncid3id3.xml,tadSyncid4id4.xml,2031,
tadSyncid3id3.xml,tadSyncid5id0.xml,2156,
tadSyncid3id2.xml,tmi9.xml,2486,
tadSyncid3id3.xml,tadSyncid4id1.xml,2675,
tadSyncid3id3.xml,tadSyncid4id3.xml,2565,
tadSyncid3id3.xml,tadSyncid5id1.xml,2423,
tadSyncid3id3.xml,tadSyncid5id2.xml,2405,
tadSyncid3id2.xml,tmi6.xml,3052,
tadSyncid3id3.xml,tadSyncid5id3.xml,2501,
tadSyncid3id3.xml,tmi10.xml,2141,
tadSyncid3id3.xml,tadSyncid5id5.xml,2282,
tadSyncid3id3.xml,tmi11.xml,2298,
tadSyncid3id3.xml,tmi1.xml,2518,
tadSyncid3id3.xml,tmi12.xml,2394,
tadSyncid3id3.xml,tmi4.xml,1790,
tadSyncid3id3.xml,tmi13.xml,2263,
tadSyncid3id4.xml,tadSyncid4id3.xml,1979,
tadSyncid3id3.xml,tmi6.xml,2278,
tadSyncid3id4.xml,tadSyncid4id1.xml,2105,
tadSyncid3id3.xml,tmi2.xml,2592,
tadSyncid3id3.xml,tmi9.xml,2658,
tadSyncid3id4.xml,tadSyncid5id3.xml,2199,
tadSyncid3id4.xml,tadSyncid5id1.xml,2262,
tadSyncid3id4.xml,tadSyncid4id4.xml,2434,
tadSyncid3id4.xml,tadSyncid5id5.xml,2214,
tadSyncid3id4.xml,tmi1.xml,2104,
tadSyncid3id4.xml,tadSyncid5id0.xml,2403,
tadSyncid3id4.xml,tmi10.xml,2244,
tadSyncid3id4.xml,tadSyncid5id2.xml,2684,
tadSyncid3id4.xml,tmi11.xml,2275,
tadSyncid3id4.xml,tmi12.xml,2400,
tadSyncid3id4.xml,tmi6.xml,1961,
tadSyncid4id1.xml,tadSyncid5id1.xml,1805,
tadSyncid4id1.xml,tadSyncid5id0.xml,1899,
tadSyncid3id4.xml,tmi13.xml,2558,
tadSyncid3id4.xml,tmi2.xml,2432,
tadSyncid4id1.xml,tadSyncid5id3.xml,1946,
tadSyncid3id4.xml,tmi4.xml,2449,
tadSyncid3id4.xml,tmi9.xml,2417,
tadSyncid4id1.xml,tadSyncid5id2.xml,2480,
tadSyncid4id1.xml,tadSyncid5id5.xml,2449,
tadSyncid4id1.xml,tadSyncid4id4.xml,2684,
tadSyncid4id1.xml,tadSyncid4id3.xml,2762,
tadSyncid4id1.xml,tmi1.xml,2376,
tadSyncid4id1.xml,tmi10.xml,2747,
tadSyncid4id1.xml,tmi11.xml,2527,
tadSyncid4id1.xml,tmi13.xml,2198,
tadSyncid4id1.xml,tmi12.xml,2606,
tadSyncid4id1.xml,tmi4.xml,2228,
tadSyncid4id1.xml,tmi9.xml,2181,
tadSyncid4id3.xml,tadSyncid5id0.xml,2165,
tadSyncid4id1.xml,tmi6.xml,2416,
tadSyncid4id1.xml,tmi2.xml,2671,
tadSyncid4id3.xml,tadSyncid5id1.xml,2388,
tadSyncid4id3.xml,tadSyncid4id4.xml,2718,
tadSyncid4id3.xml,tadSyncid5id3.xml,2121,
tadSyncid4id3.xml,tadSyncid5id2.xml,2383,
tadSyncid4id3.xml,tmi10.xml,2353,
tadSyncid4id3.xml,tadSyncid5id5.xml,2740,
tadSyncid4id3.xml,tmi1.xml,2683,
tadSyncid4id3.xml,tmi11.xml,2228,
tadSyncid4id3.xml,tmi12.xml,2337,
tadSyncid4id3.xml,tmi6.xml,1585,
tadSyncid4id3.xml,tmi9.xml,2134,
tadSyncid4id3.xml,tmi2.xml,2605,
tadSyncid4id3.xml,tmi13.xml,2762,
tadSyncid4id4.xml,tadSyncid5id2.xml,2083,
tadSyncid4id4.xml,tadSyncid5id1.xml,2241,
tadSyncid4id4.xml,tadSyncid5id0.xml,2382,
tadSyncid4id3.xml,tmi4.xml,2761,
tadSyncid4id4.xml,tadSyncid5id5.xml,2366,
tadSyncid4id4.xml,tadSyncid5id3.xml,2382,
tadSyncid4id4.xml,tmi1.xml,2350,
tadSyncid4id4.xml,tmi10.xml,2275,
tadSyncid4id4.xml,tmi12.xml,2134,
tadSyncid4id4.xml,tmi13.xml,2259,
tadSyncid4id4.xml,tmi11.xml,2590,
tadSyncid4id4.xml,tmi2.xml,2511,
tadSyncid4id4.xml,tmi4.xml,2401,
tadSyncid5id0.xml,tadSyncid5id2.xml,1916,
tadSyncid4id4.xml,tmi6.xml,2344,
tadSyncid5id0.xml,tadSyncid5id1.xml,2167,
tadSyncid5id0.xml,tadSyncid5id5.xml,2371,
tadSyncid4id4.xml,tmi9.xml,2612,
tadSyncid5id0.xml,tmi1.xml,2410,
tadSyncid5id0.xml,tmi11.xml,2263,
tadSyncid5id0.xml,tadSyncid5id3.xml,2904,
tadSyncid5id0.xml,tmi10.xml,2651,
tadSyncid5id0.xml,tmi12.xml,2478,
tadSyncid5id0.xml,tmi13.xml,2394,
tadSyncid5id0.xml,tmi4.xml,2321,
tadSyncid5id0.xml,tmi2.xml,2651,
tadSyncid5id0.xml,tmi9.xml,2326,
tadSyncid5id0.xml,tmi6.xml,2760,
tadSyncid5id1.xml,tadSyncid5id2.xml,2808,
tadSyncid5id1.xml,tadSyncid5id3.xml,2461,
tadSyncid5id1.xml,tadSyncid5id5.xml,2413,
tadSyncid5id1.xml,tmi1.xml,2602,
tadSyncid5id1.xml,tmi11.xml,2478,
tadSyncid5id1.xml,tmi13.xml,2440,
tadSyncid5id1.xml,tmi10.xml,2727,
tadSyncid5id1.xml,tmi9.xml,2275,
tadSyncid5id1.xml,tmi12.xml,2820,
tadSyncid5id1.xml,tmi6.xml,2511,
tadSyncid5id1.xml,tmi2.xml,2762,
tadSyncid5id1.xml,tmi4.xml,2811,
tadSyncid5id2.xml,tadSyncid5id3.xml,2482,
tadSyncid5id2.xml,tadSyncid5id5.xml,2495,
tadSyncid5id2.xml,tmi10.xml,2369,
tadSyncid5id2.xml,tmi1.xml,2642,
tadSyncid5id2.xml,tmi12.xml,2183,
tadSyncid5id2.xml,tmi13.xml,2465,
tadSyncid5id2.xml,tmi11.xml,2940,
tadSyncid5id2.xml,tmi2.xml,2508,
tadSyncid5id2.xml,tmi4.xml,2392,
tadSyncid5id2.xml,tmi6.xml,2471,
tadSyncid5id2.xml,tmi9.xml,2517,
tadSyncid5id3.xml,tadSyncid5id5.xml,2454,
tadSyncid5id3.xml,tmi10.xml,2328,
tadSyncid5id3.xml,tmi11.xml,2405,
tadSyncid5id3.xml,tmi1.xml,2720,
tadSyncid5id3.xml,tmi13.xml,2514,
tadSyncid5id3.xml,tmi2.xml,2320,
tadSyncid5id3.xml,tmi12.xml,2671,
tadSyncid5id3.xml,tmi9.xml,2088,
tadSyncid5id3.xml,tmi6.xml,2307,
tadSyncid5id3.xml,tmi4.xml,2463,
tadSyncid5id5.xml,tmi1.xml,2604,
tadSyncid5id5.xml,tmi11.xml,2293,
tadSyncid5id5.xml,tmi10.xml,2466,
tadSyncid5id5.xml,tmi13.xml,2261,
tadSyncid5id5.xml,tmi12.xml,2511,
tadSyncid5id5.xml,tmi4.xml,2245,
tadSyncid5id5.xml,tmi2.xml,2528,
tadSyncid5id5.xml,tmi6.xml,2418,
tmi1.xml,tmi11.xml,2198,
tmi1.xml,tmi10.xml,2434,
tadSyncid5id5.xml,tmi9.xml,2482,
tmi1.xml,tmi12.xml,2333,
tmi1.xml,tmi13.xml,2291,
tmi1.xml,tmi4.xml,2213,
tmi1.xml,tmi2.xml,2416,
tmi1.xml,tmi6.xml,2202,
tmi1.xml,tmi9.xml,2172,
tmi10.xml,tmi11.xml,2311,
tmi10.xml,tmi12.xml,2324,
tmi10.xml,tmi13.xml,2139,
tmi10.xml,tmi2.xml,2326,
tmi10.xml,tmi6.xml,2201,
tmi10.xml,tmi4.xml,2405,
tmi11.xml,tmi12.xml,2279,
tmi10.xml,tmi9.xml,2484,
tmi11.xml,tmi13.xml,2255,
tmi11.xml,tmi2.xml,2192,
tmi11.xml,tmi4.xml,2350,
tmi11.xml,tmi6.xml,2298,
tmi11.xml,tmi9.xml,2231,
tmi12.xml,tmi13.xml,2247,
tmi12.xml,tmi2.xml,2357,
tmi12.xml,tmi4.xml,2051,
tmi12.xml,tmi6.xml,2060,
tmi12.xml,tmi9.xml,2135,
tmi13.xml,tmi2.xml,2118,
tmi13.xml,tmi4.xml,1853,
tmi13.xml,tmi9.xml,1803,
tmi13.xml,tmi6.xml,1928,
tmi2.xml,tmi6.xml,1805,
tmi2.xml,tmi9.xml,1780,
tmi4.xml,tmi6.xml,1810,
tmi4.xml,tmi9.xml,1707,
tmi2.xml,tmi4.xml,1964,
tmi6.xml,tmi9.xml,1658,
Final Time: 132311